1,2016,0.63 ,3.75
2,2015,0.70 ,2.75
3,2015,0.70 ,3
4,2015,0.70 ,3.5
5,2015,0.70 ,3.5
6,2014,0.70 ,2.75
7,2014,0.70 ,3.5
8,2014,0.70 ,3.5
9,2014,0.70 ,3.75
10,2014,0.70 ,4
11,2013,0.70 ,2.75
12,2013,0.70 ,3
13,2013,0.70 ,3.25
14,2013,0.70 ,3.75
15,2013,0.70 ,2.75
16,2013,0.70 ,3
17,2013,0.70 ,3.25
18,2013,0.70 ,4
19,2013,0.70 ,3.25
20,2013,0.70 ,3.5
21,2013,0.63 ,4
22,2012,0.70 ,3.5
23,2012,0.63 ,3.75
24,2015,0.70 ,3.75
25,2015,0.70 ,3.75
26,2011,0.60 ,2.75
27,2011,0.80 ,3.25
28,2011,0.88 ,3.5
29,2011,0.72 ,3.5
30,2009,0.55 ,2.75
31,2009,0.70 ,3
32,2009,0.70 ,3
33,2011,0.75 ,3.75
34,2010,0.75 ,2.75
35,2010,0.75 ,2.75
36,2014,0.65 ,2.75
37,2014,0.75 ,2.75
38,2014,0.75 ,3
39,2013,0.75 ,2.5
40,2013,0.75 ,2.5
41,2017,0.70 ,3.5
42,2017,0.70 ,3.5
43,2017,0.70 ,3.5
44,2017,0.70 ,3.5
45,2016,0.60 ,2.75
46,2016,0.60 ,3
47,2016,0.60 ,2.5
48,2016,0.60 ,2.5
49,2016,0.60 ,2.75
50,2013,0.60 ,2.5
51,2013,0.60 ,3
52,2013,0.80 ,3.25
53,2013,0.60 ,3
54,2013,0.60 ,3.25
55,2011,0.70 ,4
56,2010,0.70 ,3.75
57,2010,0.70 ,4
58,2010,0.70 ,3
59,2009,0.70 ,3
60,2008,0.70 ,2.75
61,2007,0.70 ,3.5
62,2007,0.70 ,3
63,2007,0.70 ,3.75
64,2009,0.70 ,3
65,2009,0.70 ,2.75
66,2009,0.85 ,2.75
67,2009,0.85 ,3
68,2013,0.72 ,3.25
69,2013,0.73 ,3.5
70,2015,0.64 ,3
71,2015,0.66 ,3.25
72,2015,0.75 ,3.25
73,2015,0.63 ,3.25
74,2015,0.70 ,3.25
75,2015,0.68 ,3.5
76,2012,0.70 ,3.75
77,2007,0.70 ,4
78,2007,0.75 ,4
79,2007,0.70 ,5
80,2007,0.70 ,3
81,2007,0.70 ,3
82,2007,0.70 ,3.5
83,2007,0.70 ,3.75
84,2007,0.70 ,4
85,2007,0.70 ,3.5
86,2007,0.63 ,3.5
87,2006,0.70 ,5
88,2006,0.66 ,4
89,2013,0.75 ,3.25
90,2010,0.85 ,2.75
91,2010,0.50 ,3.75
92,2010,0.75 ,3.75
93,2010,0.60 ,4
94,2014,0.75 ,3
95,2016,0.75 ,3.5
96,2014,0.75 ,3
97,2014,0.72 ,2.5
98,2014,0.75 ,2.75
99,2014,0.75 ,3
100,2016,0.70 ,3.5
101,2016,0.70 ,3.75
102,2016,0.73 ,3.5
103,2016,0.70 ,3.25
104,2016,0.70 ,3.25
105,2016,0.70 ,3.5
106,2016,0.70 ,3.75
107,2016,0.70 ,3.5
108,2016,0.70 ,4
109,2016,0.70 ,4
110,2016,0.70 ,3.75
111,2016,0.70 ,3.25
112,2016,0.73 ,3.25
113,2015,0.70 ,3.5
114,2015,0.68 ,3.5
115,2015,0.70 ,3.75
116,2015,0.70 ,3.5
117,2015,0.70 ,3.75
118,2015,0.70 ,4
119,2015,0.75 ,2.75
120,2015,0.70 ,3.25
121,2015,0.75 ,3.5
122,2013,0.72 ,3.25
123,2012,0.72 ,3.75
124,2011,0.72 ,4
125,2011,0.72 ,2.75
126,2010,1.00 ,1.75
127,2010,0.72 ,3.75
128,2010,0.72 ,3.25
129,2010,0.72 ,3.25
130,2010,0.72 ,3.5
131,2009,0.75 ,2.5
132,2009,0.72 ,2.75
133,2009,0.72 ,1.75
134,2009,0.80 ,3
135,2009,0.75 ,3
136,2009,0.72 ,3.25
137,2008,0.72 ,3.75
138,2013,0.72 ,2.75
139,2016,0.68 ,3.75
140,2011,0.72 ,3.75
141,2011,0.70 ,3.75
142,2009,0.77 ,3.75
143,2007,0.75 ,2.5
144,2007,0.70 ,3
145,2015,0.80 ,3.25
146,2015,0.70 ,3.5
147,2012,0.70 ,3
148,2012,0.70 ,2.5
149,2012,0.70 ,2.5
150,2015,0.70 ,2.75
151,2015,0.70 ,3.5
152,2015,0.70 ,3.5
153,2014,0.70 ,4
154,2012,0.70 ,3.25
155,2012,0.70 ,3.5
156,2012,0.70 ,3.75
157,2012,0.80 ,2.75
158,2016,0.65 ,3.5
159,2016,0.70 ,3.75
160,2016,0.65 ,3.25
161,2017,0.73 ,3
162,2017,0.72 ,3.25
163,2016,0.80 ,2.75
164,2016,0.70 ,2.75
165,2016,0.70 ,2.75
166,2016,0.90 ,2.75
167,2010,0.64 ,2.75
168,2010,0.64 ,2.75
169,2010,0.64 ,2.75
170,2010,0.71 ,3.5
171,2016,0.70 ,3.5
172,2016,0.70 ,3.25
173,2016,0.70 ,3.5
174,2016,0.83 ,2.75
175,2016,0.78 ,3
176,2016,0.83 ,3.5
177,2013,0.74 ,3.5
178,2013,0.74 ,3.5
179,2013,0.74 ,3.5
180,2013,0.73 ,4
181,2011,0.72 ,4
182,2011,0.72 ,3.75
183,2012,0.55 ,2.75
184,2011,0.64 ,3
185,2011,0.88 ,3
186,2011,0.72 ,3.5
187,2011,0.72 ,4
188,2010,0.70 ,3.25
189,2010,0.74 ,3.25
190,2010,0.64 ,3.5
191,2010,0.72 ,3.5
192,2015,0.76 ,2.5
193,2015,0.76 ,2.5
194,2015,0.78 ,2.5
195,2015,0.86 ,3.25
196,2012,0.72 ,3.5
197,2010,0.75 ,3.25
198,2010,0.70 ,3.75
199,2010,0.65 ,2.75
200,2010,0.70 ,3
201,2010,0.78 ,3
202,2009,0.75 ,3
203,2009,0.65 ,3.5
204,2009,0.75 ,3.25
205,2009,0.65 ,3.5
206,2008,0.71 ,3
207,2008,0.75 ,3.5
208,2008,0.68 ,3.75
209,2008,0.70 ,3
210,2008,0.70 ,2.75
211,2008,0.70 ,2.75
212,2008,0.70 ,3
213,2014,0.70 ,2.75
214,2013,0.82 ,3.5
215,2009,0.72 ,2.75
216,2016,0.82 ,3.5
217,2016,0.75 ,2.75
218,2016,0.75 ,3.5
219,2016,0.75 ,3
220,2012,0.70 ,3.5
221,2012,0.70 ,3.75
222,2016,0.75 ,3.5
223,2014,0.75 ,4
224,2014,0.75 ,3.25
225,2014,0.65 ,3.75
226,2013,0.75 ,3.5
227,2013,0.75 ,3.25
228,2011,0.75 ,3.5
229,2011,0.75 ,3.5
230,2011,0.75 ,3.5
231,2011,0.75 ,3.75
232,2011,0.75 ,4
233,2011,0.75 ,4
234,2011,0.75 ,3.5
235,2011,0.75 ,3.25
236,2009,0.75 ,3
237,2009,0.75 ,2.75
238,2009,0.75 ,3
239,2009,0.75 ,3
240,2008,0.75 ,4
241,2007,0.75 ,2.5
242,2006,0.75 ,3.75
243,2006,0.75 ,4
244,2006,0.75 ,4
245,2006,0.75 ,4
246,2006,1.00 ,1.5
247,2006,0.75 ,3
248,2006,0.75 ,4
249,2009,0.77 ,3.25
250,2009,1.00 ,1.5
251,2014,0.70 ,2.75
252,2014,0.70 ,2.75
253,2016,0.70 ,3.5
254,2016,0.70 ,3.75
255,2015,0.68 ,3.75
256,2014,0.70 ,3.75
257,2014,0.70 ,4
258,2013,0.72 ,3
259,2013,0.70 ,3.25
260,2013,0.75 ,3.5
261,2013,0.85 ,3.5
262,2015,0.60 ,3
263,2015,0.80 ,3.25
264,2015,0.70 ,3.5
265,2015,0.80 ,2.75
266,2015,0.80 ,3.25
267,2015,0.60 ,3.25
268,2013,0.70 ,3
269,2014,0.72 ,3
270,2014,0.70 ,3.5
271,2014,0.72 ,3.5
272,2014,0.68 ,2.75
273,2015,0.70 ,3.25
274,2013,0.68 ,2.75
275,2014,0.72 ,3.25
276,2014,0.72 ,3.5
277,2014,0.72 ,3.25
278,2014,0.72 ,3.25
279,2014,0.60 ,2.5
280,2015,0.70 ,2.5
281,2014,0.75 ,2.5
282,2010,0.75 ,2.5
283,2010,0.75 ,2.75
284,2010,0.75 ,2.25
285,2016,0.65 ,3.5
286,2010,0.70 ,3
287,2008,0.75 ,2
288,2007,0.72 ,2
289,2007,0.66 ,3
290,2015,0.77 ,3.5
291,2015,0.75 ,3.25
292,2014,0.75 ,2.5
293,2014,0.74 ,3.25
294,2014,0.75 ,3.5
295,2014,0.70 ,3.75
296,2015,0.74 ,3.25
297,2016,0.71 ,3.75
298,2016,0.74 ,3.75
299,2015,0.72 ,3.75
300,2014,0.64 ,3.5
301,2014,0.70 ,3.5
302,2014,0.69 ,2.75
303,2014,0.70 ,3.25
304,2016,0.70 ,3.5
305,2012,0.72 ,3.75
306,2011,0.72 ,3
307,2011,0.66 ,3.75
308,2011,0.65 ,3.25
309,2016,0.70 ,3.5
310,2010,0.71 ,3.5
311,2010,0.71 ,3.75
312,2010,0.71 ,4
313,2010,0.71 ,3.25
314,2010,0.71 ,3.5
315,2010,0.77 ,3.5
316,2009,0.70 ,4
317,2009,0.70 ,4
318,2015,0.70 ,3
319,2015,0.70 ,3.25
320,2015,0.70 ,3.5
321,2013,0.70 ,3.25
322,2008,0.63 ,3.5
323,2008,0.71 ,3.5
324,2008,0.82 ,2.5
325,2008,0.91 ,1.5
326,2008,0.60 ,2.75
327,2007,0.70 ,1
328,2014,0.75 ,2.5
329,2014,0.72 ,3
330,2014,0.70 ,3.5
331,2013,1.00 ,3.5
332,2012,0.80 ,3
333,2011,0.78 ,2.25
334,2011,0.70 ,2.5
335,2016,0.75 ,2.5
336,2016,0.73 ,2.75
337,2016,0.70 ,3
338,2016,0.75 ,3
339,2016,0.70 ,3.25
340,2008,0.77 ,2
341,2008,0.77 ,2.5
342,2008,0.77 ,2.75
343,2008,0.55 ,3
344,2008,0.55 ,3.25
345,2008,0.55 ,3.5
346,2014,0.70 ,3.5
347,2014,0.70 ,3.75
348,2015,0.72 ,3.5
349,2015,0.72 ,3.25
350,2015,0.72 ,3.5
351,2012,0.72 ,3
352,2012,0.80 ,2.75
353,2016,0.65 ,3
354,2016,0.65 ,3.25
355,2016,0.65 ,3.25
356,2016,0.65 ,3.5
357,2016,0.65 ,3.5
358,2016,0.72 ,4
359,2015,0.72 ,3.5
360,2015,0.70 ,3.75
361,2015,0.72 ,3.5
362,2014,0.72 ,3.5
363,2014,0.76 ,3.5
364,2014,0.70 ,2.75
365,2013,0.70 ,3
366,2013,0.73 ,3.5
367,2013,0.70 ,2.5
368,2013,0.70 ,3.25
369,2013,0.72 ,3.25
370,2013,0.70 ,2.75
371,2013,0.72 ,3
372,2014,0.70 ,2.5
373,2014,0.70 ,2.75
374,2014,0.70 ,2.75
375,2014,0.70 ,3
376,2009,0.72 ,2.75
377,2014,0.70 ,2.75
378,2016,0.70 ,3.25
379,2010,0.55 ,2.75
380,2008,0.75 ,3
381,2014,0.70 ,3.5
382,2011,0.70 ,3.5
383,2015,0.70 ,3.25
384,2014,0.75 ,3
385,2014,0.82 ,3.25
386,2015,0.70 ,2.75
387,2015,0.70 ,3.5
388,2015,0.65 ,2.5
389,2015,0.65 ,2.75
390,2015,0.80 ,2.5
391,2011,0.70 ,3.75
392,2011,0.68 ,3.75
393,2016,0.90 ,2.5
394,2016,0.80 ,2.5
395,2016,0.70 ,2.5
396,2016,0.70 ,2.75
397,2016,0.60 ,3
398,2016,0.75 ,3
399,2016,0.80 ,3
400,2016,0.70 ,3.25
401,2016,0.80 ,2.75
402,2014,0.74 ,2.75
403,2015,0.75 ,3.25
404,2015,0.68 ,3.5
405,2015,0.80 ,3.75
406,2015,0.69 ,3.75
407,2015,0.80 ,3.75
408,2013,0.70 ,3.75
409,2012,0.82 ,2.5
410,2012,0.68 ,2.75
411,2012,0.72 ,3.25
412,2014,0.70 ,2.5
413,2015,0.77 ,3
414,2011,0.65 ,3.25
415,2010,0.71 ,3.25
416,2010,0.71 ,3.5
417,2009,0.60 ,3.25
418,2009,0.75 ,3.25
419,2008,0.71 ,3.5
420,2007,0.71 ,2.5
421,2007,0.71 ,2.5
422,2007,0.70 ,3
423,2015,0.65 ,2.5
424,2015,0.75 ,2.5
425,2009,0.80 ,2.5
426,2009,0.70 ,2.75
427,2009,0.70 ,3
428,2009,0.80 ,3
429,2009,0.70 ,3
430,2013,0.42 ,2.75
431,2016,0.75 ,3.25
432,2011,0.68 ,3.75
433,2009,0.61 ,3
434,2010,0.77 ,2.75
435,2010,0.74 ,3.75
436,2008,0.80 ,3
437,2008,0.75 ,4
438,2008,1.00 ,1
439,2015,0.73 ,3.5
440,2015,0.75 ,3
441,2010,0.70 ,3.25
442,2008,0.80 ,2.75
443,2008,0.72 ,3.25
444,2008,0.70 ,3.75
445,2008,0.88 ,2.75
446,2015,0.76 ,3.5
447,2016,0.78 ,2.75
448,2013,0.65 ,3.25
449,2012,0.85 ,3.5
450,2012,1.00 ,1.5
451,2012,0.72 ,3.75
452,2012,0.70 ,3.5
453,2010,0.72 ,3.25
454,2010,0.70 ,3
455,2010,0.72 ,2.5
456,2010,0.72 ,3
457,2010,0.72 ,3.25
458,2010,0.72 ,3.25
459,2009,0.72 ,3
460,2009,0.62 ,3.25
461,2009,0.70 ,3.5
462,2009,0.70 ,3.75
463,2008,0.72 ,3
464,2008,0.72 ,3
465,2007,0.72 ,3
466,2006,0.70 ,1
467,2014,0.70 ,2.5
468,2014,0.83 ,2.75
469,2012,0.75 ,3.25
470,2012,0.65 ,3.25
471,2012,0.67 ,3.25
472,2012,0.64 ,3.25
473,2012,0.75 ,3.5
474,2016,0.85 ,3.25
475,2016,0.73 ,3.75
476,2015,0.70 ,2.75
477,2011,0.70 ,3.25
478,2017,0.72 ,2.75
479,2015,0.70 ,3
480,2015,0.70 ,3.5
481,2015,0.70 ,2.25
482,2015,0.70 ,2.75
483,2016,0.70 ,3.75
484,2015,0.70 ,3
485,2014,0.70 ,3.5
486,2014,0.70 ,3.5
487,2014,0.70 ,2.75
488,2014,0.70 ,3.75
489,2013,0.70 ,2.75
490,2013,0.70 ,3.25
491,2013,0.70 ,3.5
492,2013,0.70 ,3.5
493,2012,0.70 ,3
494,2012,0.70 ,3.25
495,2012,0.70 ,3.75
496,2011,0.70 ,3.25
497,2011,0.70 ,3.25
498,2011,0.70 ,3.25
499,2014,0.82 ,3.25
500,2012,0.75 ,3
501,2012,0.70 ,3.75
502,2012,0.70 ,3.75
503,2012,0.70 ,4
504,2012,0.70 ,3.25
505,2011,0.60 ,3.5
506,2009,0.75 ,3
507,2009,0.60 ,3.25
508,2016,0.72 ,2.75
509,2016,0.72 ,3
510,2016,0.70 ,3.25
511,2016,0.75 ,3.25
512,2015,0.70 ,3
513,2015,0.70 ,3.25
514,2015,0.70 ,3
515,2015,0.70 ,3.25
516,2013,0.70 ,2.5
517,2013,0.70 ,2.75
518,2013,0.70 ,2.75
519,2012,0.58 ,3.25
520,2015,0.72 ,3.5
521,2015,0.65 ,3.5
522,2016,0.70 ,2.5
523,2016,0.70 ,3
524,2007,0.66 ,2.5
525,2007,0.64 ,3
526,2007,0.71 ,3
527,2007,0.60 ,3
528,2007,0.64 ,3
529,2007,0.64 ,3
530,2009,0.64 ,3
531,2008,0.66 ,3.75
532,2016,0.72 ,2.5
533,2008,0.80 ,2.75
534,2007,0.77 ,3.5
535,2007,0.77 ,3.5
536,2017,0.70 ,3.75
537,2016,0.78 ,3.5
538,2015,0.70 ,3.75
539,2014,0.74 ,3.5
540,2013,0.70 ,3.25
541,2013,0.76 ,3.5
542,2012,0.75 ,2.75
543,2012,0.72 ,2.75
544,2011,0.80 ,2.75
545,2011,0.72 ,3
546,2011,0.75 ,2.75
547,2011,0.74 ,3
548,2011,0.70 ,3.25
549,2015,0.85 ,3
550,2014,0.72 ,3.25
551,2014,0.72 ,3.25
552,2014,0.72 ,3.5
553,2009,0.70 ,3.75
554,2008,0.88 ,3
555,2006,0.70 ,1.5
556,2015,0.70 ,3.75
557,2015,0.70 ,3.75
558,2013,1.00 ,3
559,2012,0.70 ,3.5
560,2012,0.70 ,3.75
561,2011,0.70 ,3.5
562,2010,0.70 ,3
563,2008,0.70 ,3
564,2008,0.70 ,3
565,2008,0.78 ,3.5
566,2008,0.70 ,3.75
567,2007,0.70 ,4
568,2007,0.75 ,3.25
569,2007,0.60 ,3.25
570,2007,0.70 ,3.5
571,2007,0.70 ,3.5
572,2007,0.70 ,3.75
573,2007,0.70 ,4
574,2007,0.70 ,4
575,2006,0.70 ,3
576,2006,0.70 ,3.25
577,2006,0.70 ,3.5
578,2016,0.75 ,2.75
579,2015,0.70 ,2.5
580,2015,0.80 ,2.75
581,2015,0.77 ,2.75
582,2015,0.70 ,4
583,2014,0.70 ,3.5
584,2014,0.76 ,3.75
585,2012,0.72 ,3.75
586,2011,0.72 ,3.75
587,2011,0.65 ,3.5
588,2011,0.72 ,3
589,2011,0.71 ,3.25
590,2011,0.71 ,3.5
591,2010,0.70 ,3.5
592,2010,0.72 ,3.75
593,2010,0.70 ,2.5
594,2010,0.70 ,3.75
595,2015,0.70 ,3.25
596,2012,0.82 ,2.75
597,2015,0.70 ,3.5
598,2015,0.70 ,3.5
599,2015,0.70 ,3.25
600,2015,0.70 ,3.25
601,2015,0.70 ,4
602,2014,0.70 ,3.25
603,2014,0.70 ,3.5
604,2014,0.70 ,3.75
605,2016,0.70 ,3.25
606,2016,0.70 ,3.25
607,2012,0.72 ,2.75
608,2016,0.68 ,3
609,2011,0.75 ,3.75
610,2008,0.71 ,2.75
611,2015,0.70 ,3.75
612,2009,0.61 ,2.75
613,2009,0.70 ,3
614,2008,0.74 ,2.5
615,2008,0.58 ,2.5
616,2008,0.61 ,3
617,2006,0.70 ,2.75
618,2013,0.60 ,2.75
619,2013,0.70 ,3.25
620,2015,0.79 ,3
621,2015,0.78 ,3.5
622,2016,0.75 ,3.25
623,2010,0.80 ,3.25
624,2014,0.70 ,3.25
625,2014,0.80 ,3
626,2014,0.74 ,3.25
627,2012,0.70 ,2.75
628,2009,0.65 ,2
629,2009,0.81 ,3.5
630,2009,0.74 ,2.75
631,2008,0.72 ,3
632,2011,0.55 ,2.5
633,2011,0.55 ,2.5
634,2011,0.70 ,2.5
635,2011,0.62 ,2.75
636,2011,0.62 ,2.5
637,2014,0.80 ,3
638,2014,0.80 ,3.5
639,2014,0.80 ,3.75
640,2010,0.75 ,2.75
641,2016,0.76 ,3
642,2016,0.76 ,2.5
643,2016,0.76 ,2.75
644,2010,0.58 ,3.5
645,2006,0.62 ,2
646,2006,0.74 ,3
647,2006,0.64 ,3
648,2006,0.65 ,3
649,2006,0.72 ,3.5
650,2006,0.68 ,4
651,2014,0.65 ,2.25
652,2014,0.80 ,3
653,2014,0.70 ,3.25
654,2014,0.85 ,2.5
655,2014,0.72 ,2.75
656,2016,0.70 ,2.75
657,2016,0.80 ,2.75
658,2016,0.70 ,2.75
659,2016,0.75 ,3.5
660,2016,0.67 ,3.75
661,2014,0.70 ,3.5
662,2014,0.70 ,3.75
663,2012,0.70 ,3.75
664,2012,0.60 ,3.5
665,2015,0.70 ,3.5
666,2015,0.75 ,3.5
667,2015,0.80 ,3
668,2014,0.60 ,3.5
669,2014,0.65 ,3.5
670,2017,0.70 ,3.5
671,2015,0.73 ,3.5
672,2014,0.80 ,3
673,2014,0.68 ,3.25
674,2013,0.66 ,3.5
675,2012,0.70 ,2.5
676,2012,0.61 ,3.5
677,2012,0.81 ,2
678,2011,0.70 ,3.5
679,2011,0.65 ,3.5
680,2014,0.70 ,3
681,2014,0.70 ,3.5
682,2014,0.70 ,3.5
683,2014,0.70 ,3.5
684,2013,0.72 ,3.25
685,2013,0.72 ,3.75
686,2013,0.70 ,3.75
687,2013,0.70 ,4
688,2012,0.69 ,3.5
689,2012,0.69 ,3.5
690,2012,0.74 ,4
691,2012,0.69 ,4
692,2012,0.69 ,3
693,2011,0.74 ,2.75
694,2011,0.70 ,3.25
695,2011,0.72 ,3.5
696,2011,0.70 ,3.5
697,2011,0.74 ,2.75
698,2011,0.72 ,3.25
699,2011,0.74 ,3
700,2011,0.76 ,3.25
701,2011,0.70 ,4
702,2009,0.80 ,2.75
703,2009,0.70 ,3
704,2009,0.70 ,3.25
705,2009,0.65 ,3.5
706,2016,0.70 ,3.5
707,2015,0.60 ,3
708,2015,0.85 ,3.25
709,2014,0.70 ,3.5
710,2013,0.70 ,3.25
711,2013,0.70 ,3.5
712,2012,0.70 ,3.25
713,2012,0.70 ,3.25
714,2012,0.70 ,3.25
715,2012,0.70 ,3.75
716,2011,0.70 ,3.25
717,2011,0.70 ,3.5
718,2011,0.70 ,3.5
719,2016,0.74 ,3.75
720,2016,0.74 ,4
721,2014,0.70 ,3.75
722,2014,0.76 ,3
723,2013,0.70 ,3.75
724,2013,0.75 ,3
725,2012,0.70 ,2.5
726,2011,0.66 ,3.25
727,2011,0.70 ,3
728,2014,0.85 ,2.5
729,2015,0.65 ,3.25
730,2015,0.70 ,4
731,2015,0.70 ,3.5
732,2015,0.80 ,3.5
733,2015,0.75 ,3.5
734,2016,0.70 ,3.5
735,2015,0.66 ,3
736,2016,0.77 ,2.75
737,2016,0.77 ,3.25
738,2016,0.77 ,3.25
739,2011,0.72 ,3
740,2006,0.70 ,2.5
741,2016,0.70 ,3.5
742,2010,0.82 ,3.25
743,2009,0.60 ,2.75
744,2008,0.71 ,2.5
745,2009,0.64 ,3
746,2009,0.64 ,3
747,2009,0.64 ,3
748,2009,0.76 ,3
749,2009,0.64 ,3.25
750,2015,0.70 ,3.75
751,2013,0.65 ,2.75
752,2013,0.65 ,2.75
753,2013,0.65 ,3.25
754,2013,0.65 ,3.5
755,2011,0.72 ,2.75
756,2011,0.61 ,3.25
757,2011,0.72 ,3.25
758,2010,0.65 ,3
759,2009,0.55 ,3
760,2009,0.91 ,3
761,2009,0.70 ,3.5
762,2008,0.65 ,3
763,2008,0.64 ,3
764,2008,0.65 ,3.5
765,2007,0.72 ,3.5
766,2006,0.65 ,3
767,2006,0.65 ,2.5
768,2006,0.65 ,3.5
769,2006,0.65 ,3.5
770,2006,0.61 ,3.5
771,2006,0.61 ,3
772,2014,0.80 ,2.75
773,2014,0.74 ,2.75
774,2014,0.75 ,3.25
775,2014,0.70 ,3.5
776,2014,0.65 ,2.75
777,2014,0.70 ,3
778,2014,0.80 ,3
779,2014,0.66 ,3.25
780,2014,1.00 ,2
781,2007,0.77 ,2.5
782,2014,0.55 ,2.75
783,2014,0.70 ,3
784,2011,0.70 ,3
785,2016,0.85 ,3.25
786,2015,0.67 ,3
787,2015,0.77 ,3.5
788,2015,0.74 ,3.5
789,2016,0.64 ,2.75
790,2016,0.70 ,3.25
791,2016,0.74 ,3.5
792,2014,0.67 ,3.5
793,2014,0.67 ,3
794,2014,0.67 ,3.75
795,2014,0.67 ,3.75
796,2016,0.72 ,3.5
797,2016,0.70 ,3.5
798,2016,0.77 ,3.5
799,2016,0.68 ,3.75
800,2016,0.72 ,4
801,2015,0.57 ,2.75
802,2015,0.74 ,3.5
803,2015,0.70 ,2.75
804,2015,0.74 ,3
805,2015,0.70 ,3
806,2015,0.73 ,3.25
807,2015,0.70 ,3.25
808,2016,0.70 ,2.75
809,2016,0.72 ,2.75
810,2016,0.75 ,3.25
811,2016,0.66 ,3.5
812,2009,0.80 ,2
813,2009,0.80 ,2.5
814,2009,0.72 ,3
815,2009,0.58 ,3.25
816,2009,0.58 ,3.5
817,2016,0.70 ,2.75
818,2015,0.70 ,3.5
819,2015,0.70 ,3.5
820,2015,0.70 ,3.5
821,2015,0.70 ,3.5
822,2009,0.70 ,2.5
823,2009,0.70 ,2.75
824,2009,0.70 ,3.5
825,2009,0.75 ,3.75
826,2014,0.72 ,2.5
827,2015,0.70 ,2.75
828,2013,0.70 ,4
829,2013,1.00 ,1.75
830,2013,0.75 ,3
831,2013,0.80 ,3.5
832,2013,0.90 ,3
833,2013,0.72 ,3
834,2013,0.82 ,3.5
835,2013,1.00 ,2.75
836,2013,1.00 ,2.5
837,2013,1.00 ,2.75
838,2012,0.66 ,3.5
839,2011,0.80 ,3
840,2011,0.65 ,3
841,2011,0.65 ,3.25
842,2010,0.70 ,2.75
843,2010,0.70 ,3
844,2010,0.70 ,2.75
845,2008,0.72 ,3
846,2008,0.80 ,2.5
847,2008,0.75 ,2.75
848,2008,0.72 ,3
849,2015,0.70 ,3.5
850,2014,0.70 ,3
851,2014,0.70 ,3
852,2014,0.70 ,3
853,2014,0.70 ,3.75
854,2014,0.70 ,3.5
855,2013,0.70 ,3.25
856,2013,0.70 ,3.75
857,2013,0.72 ,3.75
858,2011,0.72 ,3.75
859,2011,0.72 ,3.75
860,2011,0.72 ,3.25
861,2011,0.72 ,3.75
862,2011,0.74 ,4
863,2011,0.72 ,3.5
864,2011,0.70 ,4
865,2011,0.72 ,4
866,2011,0.72 ,4
867,2016,0.61 ,2.5
868,2012,0.70 ,3.25
869,2012,0.70 ,2.75
870,2014,0.77 ,3
871,2012,0.72 ,2.75
872,2012,0.72 ,3
873,2014,0.72 ,3.5
874,2014,0.72 ,2.25
875,2014,0.72 ,3.25
876,2014,0.72 ,3.25
877,2015,0.70 ,3.5
878,2015,0.70 ,2.75
879,2006,0.71 ,2
880,2015,0.63 ,2.75
881,2014,0.70 ,3.5
882,2014,0.70 ,3.5
883,2014,0.70 ,4
884,2013,0.70 ,3.5
885,2013,0.82 ,3
886,2013,0.55 ,3.25
887,2013,0.62 ,3.25
888,2012,0.64 ,2.5
889,2009,0.65 ,3.75
890,2008,0.70 ,3
891,2008,0.70 ,3.5
892,2008,0.75 ,2.75
893,2008,0.85 ,2.5
894,2008,0.85 ,2.75
895,2008,0.85 ,3
896,2008,0.75 ,2.5
897,2008,0.85 ,3
898,2009,0.70 ,2.75
899,2009,0.80 ,2.75
900,2013,0.70 ,3.75
901,2009,0.72 ,2
902,2014,0.60 ,3
903,2014,0.72 ,2.5
904,2014,0.72 ,2.75
905,2014,0.72 ,3
906,2014,0.72 ,3.25
907,2014,0.90 ,3.25
908,2014,0.72 ,3.25
909,2014,0.72 ,3.25
910,2016,0.70 ,3.25
911,2016,0.70 ,2.75
912,2016,0.70 ,3.75
913,2016,0.70 ,3.75
914,2014,0.73 ,2.5
915,2014,0.73 ,3
916,2014,0.73 ,2.5
917,2014,0.73 ,3
918,2012,0.74 ,3.25
919,2012,0.70 ,4
920,2012,0.68 ,3.75
921,2011,0.74 ,3.75
922,2010,0.75 ,3.25
923,2010,0.74 ,3.75
924,2010,0.71 ,3
925,2009,0.64 ,3.5
926,2009,0.68 ,3
927,2016,0.70 ,2.25
928,2016,0.70 ,2.5
929,2016,0.70 ,3
930,2016,0.70 ,3
931,2013,0.74 ,2.75
932,2013,0.60 ,3.25
933,2013,0.56 ,3.25
934,2012,0.66 ,3.5
935,2011,0.68 ,3.5
936,2009,0.68 ,3.25
937,2009,0.69 ,3.5
938,2009,0.60 ,3
939,2009,0.60 ,3.75
940,2008,0.74 ,3.5
941,2011,0.72 ,2.5
942,2011,0.60 ,3.25
943,2015,0.75 ,2.75
944,2015,0.75 ,2.75
945,2015,0.75 ,3
946,2015,0.75 ,3.25
947,2015,0.75 ,3
948,2015,0.75 ,3.5
949,2015,0.75 ,3.25
950,2015,0.75 ,3.75
951,2014,0.70 ,2.75
952,2014,0.68 ,2.75
953,2012,0.70 ,3.5
954,2009,0.75 ,2.5
955,2016,0.80 ,3.5
956,2012,0.75 ,3
957,2012,0.75 ,3
958,2012,0.72 ,3
959,2017,0.70 ,3.5
960,2017,0.70 ,3.25
961,2016,0.70 ,3.25
962,2015,0.70 ,3.25
963,2015,0.70 ,3.5
964,2015,0.70 ,3
965,2015,0.70 ,3.25
966,2015,0.70 ,3.5
967,2014,0.70 ,3.5
968,2014,0.71 ,3.5
969,2016,0.70 ,3
970,2012,0.65 ,3.5
971,2012,0.68 ,3.5
972,2012,0.68 ,3.75
973,2012,0.75 ,2.75
974,2012,0.74 ,3
975,2012,0.68 ,3.5
976,2007,0.85 ,3
977,2013,0.65 ,2.5
978,2014,0.70 ,3.75
979,2014,0.65 ,3.25
980,2014,0.75 ,3.75
981,2013,0.71 ,3
982,2013,0.72 ,3
983,2013,0.70 ,3.5
984,2015,0.75 ,2
985,2010,0.46 ,2.75
986,2010,0.60 ,3
987,2010,0.58 ,3
988,2010,0.65 ,3.5
989,2011,0.70 ,1.5
990,2010,0.55 ,2.25
991,2008,0.67 ,3.5
992,2008,0.70 ,3.75
993,2008,0.63 ,4
994,2008,0.75 ,3.5
995,2017,0.73 ,3.5
996,2013,0.70 ,2.75
997,2013,0.70 ,3.5
998,2013,0.70 ,2.75
999,2013,0.70 ,2.75
1000,2012,0.70 ,3.25
1001,2012,0.70 ,3.25
1002,2012,0.70 ,3.5
1003,2011,0.70 ,2.5
1004,2011,0.70 ,2.75
1005,2010,0.72 ,2.75
1006,2008,0.75 ,2
1007,2008,0.70 ,3
1008,2008,0.70 ,3.25
1009,2008,0.70 ,3.75
1010,2010,0.70 ,2
1011,2007,0.75 ,2.75
1012,2007,0.73 ,3.5
1013,2013,0.65 ,3.5
1014,2010,0.55 ,3.5
1015,2009,0.55 ,2.75
1016,2016,0.70 ,3
1017,2015,0.74 ,2.5
1018,2014,0.74 ,2.5
1019,2014,0.74 ,2.75
1020,2012,0.74 ,3.75
1021,2014,0.70 ,2.75
1022,2015,0.72 ,3.5
1023,2015,0.72 ,3.75
1024,2013,0.72 ,3.75
1025,2012,0.72 ,3.25
1026,2012,0.72 ,2.75
1027,2012,0.72 ,3
1028,2012,0.72 ,3.25
1029,2016,0.70 ,3.75
1030,2016,0.70 ,3.5
1031,2014,0.70 ,3.75
1032,2014,0.85 ,3.5
1033,2012,0.70 ,3.25
1034,2012,0.70 ,3.5
1035,2012,0.70 ,3.25
1036,2016,0.75 ,3.25
1037,2015,0.70 ,3.5
1038,2015,0.62 ,3.5
1039,2015,0.70 ,3.5
1040,2015,0.70 ,2.75
1041,2015,0.70 ,3.5
1042,2015,0.68 ,3.5
1043,2015,0.75 ,2.75
1044,2015,0.72 ,3
1045,2015,0.78 ,3.5
1046,2016,0.70 ,3
1047,2016,0.70 ,2.75
1048,2016,0.70 ,3
1049,2016,0.75 ,3.25
1050,2015,0.85 ,3.25
1051,2015,0.68 ,3.5
1052,2015,0.70 ,3.75
1053,2013,0.75 ,3.5
1054,2012,0.76 ,3.5
1055,2012,0.72 ,3.5
1056,2012,0.70 ,3.5
1057,2012,0.78 ,3.5
1058,2012,0.80 ,3
1059,2012,0.74 ,3.5
1060,2010,0.65 ,3
1061,2010,0.65 ,3
1062,2010,0.65 ,3.25
1063,2010,0.65 ,3.5
1064,2013,0.74 ,2.25
1065,2013,0.89 ,2.5
1066,2016,0.76 ,2.75
1067,2016,0.82 ,3
1068,2016,0.74 ,3.25
1069,2015,0.76 ,3
1070,2015,0.74 ,3.25
1071,2014,0.75 ,3.75
1072,2012,0.73 ,3.5
1073,2012,0.72 ,2.5
1074,2012,0.73 ,2.75
1075,2011,0.72 ,3.5
1076,2011,0.76 ,3
1077,2011,0.70 ,3
1078,2011,0.81 ,2.75
1079,2011,0.70 ,3.5
1080,2011,0.71 ,2.75
1081,2011,0.75 ,3
1082,2011,0.73 ,3.25
1083,2011,0.74 ,3.75
1084,2010,0.81 ,2.75
1085,2010,0.75 ,3
1086,2010,0.70 ,3.25
1087,2013,0.72 ,3.5
1088,2013,0.68 ,4
1089,2013,0.74 ,4
1090,2013,0.70 ,3.75
1091,2014,0.70 ,3.25
1092,2014,0.70 ,3.25
1093,2014,0.82 ,3.25
1094,2014,0.63 ,3.5
1095,2016,0.72 ,3
1096,2014,0.70 ,2.5
1097,2014,0.70 ,2.75
1098,2014,0.70 ,3
1099,2014,0.70 ,3
1100,2014,0.70 ,3.5
1101,2012,0.80 ,2.5
1102,2012,0.72 ,2.5
1103,2015,0.80 ,2.75
1104,2015,0.70 ,3
1105,2014,0.80 ,3.25
1106,2014,0.70 ,3.5
1107,2014,0.70 ,3.25
1108,2014,0.80 ,3.5
1109,2014,0.70 ,3
1110,2014,0.72 ,3.5
1111,2015,0.70 ,3.5
1112,2012,0.66 ,3.75
1113,2007,0.66 ,3.5
1114,2007,0.67 ,3.5
1115,2006,0.60 ,2
1116,2006,0.85 ,2
1117,2006,0.70 ,3
1118,2006,0.67 ,4
1119,2006,0.65 ,4
1120,2006,0.64 ,4
1121,2006,0.99 ,2
1122,2015,0.80 ,3.5
1123,2015,0.70 ,3.5
1124,2015,0.75 ,3.75
1125,2015,0.75 ,3.75
1126,2015,0.75 ,3.25
1127,2015,0.70 ,3.5
1128,2013,0.75 ,2.5
1129,2013,0.80 ,3.25
1130,2012,0.65 ,1.5
1131,2012,0.75 ,2
1132,2012,0.70 ,2.5
1133,2013,0.70 ,2.5
1134,2012,0.70 ,3.5
1135,2010,0.67 ,2.75
1136,2010,0.77 ,2.75
1137,2016,0.70 ,3.5
1138,2016,0.75 ,3.75
1139,2015,0.70 ,3.5
1140,2012,0.65 ,2.5
1141,2013,0.73 ,3.25
1142,2013,0.72 ,3
1143,2010,0.67 ,2.75
1144,2015,0.70 ,3
1145,2015,0.70 ,2.75
1146,2015,0.70 ,3.25
1147,2011,0.70 ,2.75
1148,2011,0.70 ,2.75
1149,2011,0.70 ,3.25
1150,2016,0.72 ,3.5
1151,2014,0.70 ,3.25
1152,2015,0.70 ,3.25
1153,2015,0.63 ,3.5
1154,2015,0.85 ,3.5
1155,2015,0.70 ,3.5
1156,2015,0.80 ,3.5
1157,2016,0.68 ,2.75
1158,2016,0.71 ,2.75
1159,2016,0.68 ,2.75
1160,2016,0.80 ,3
1161,2013,0.58 ,2.5
1162,2013,0.70 ,3
1163,2013,0.70 ,3.75
1164,2013,0.78 ,3.75
1165,2012,0.71 ,2.5
1166,2014,0.70 ,3.25
1167,2014,0.75 ,2.75
1168,2014,0.70 ,3
1169,2013,0.85 ,3.5
1170,2014,0.72 ,2.25
1171,2014,0.70 ,2.5
1172,2014,0.74 ,2.5
1173,2014,0.70 ,3.5
1174,2010,0.70 ,2.5
1175,2008,0.67 ,3.75
1176,2007,0.73 ,1
1177,2006,0.73 ,2
1178,2006,0.75 ,2.75
1179,2006,0.71 ,3
1180,2015,0.72 ,2.25
1181,2015,0.72 ,2.75
1182,2015,0.72 ,3
1183,2015,0.72 ,3
1184,2013,0.75 ,2.75
1185,2013,0.75 ,3.5
1186,2014,0.75 ,3
1187,2014,0.75 ,3
1188,2014,0.75 ,3.25
1189,2012,0.70 ,3
1190,2012,0.70 ,3
1191,2012,0.70 ,3
1192,2012,0.75 ,2.75
1193,2012,0.80 ,3.25
1194,2015,0.70 ,3.75
1195,2015,0.70 ,2.75
1196,2015,0.70 ,3
1197,2015,0.70 ,3.5
1198,2015,0.70 ,3.75
1199,2016,0.70 ,3.5
1200,2010,0.70 ,2.5
1201,2015,0.70 ,3.75
1202,2015,0.70 ,3.75
1203,2015,0.70 ,3.75
1204,2015,0.75 ,4
1205,2016,1.00 ,2.75
1206,2016,0.70 ,3.5
1207,2014,0.66 ,2.75
1208,2014,0.70 ,3
1209,2014,0.88 ,3.25
1210,2014,0.74 ,3.5
1211,2015,0.70 ,2.75
1212,2015,0.70 ,3
1213,2011,0.70 ,3.5
1214,2010,0.72 ,3
1215,2010,0.72 ,3
1216,2009,0.67 ,2.75
1217,2009,0.75 ,3
1218,2011,0.76 ,2
1219,2011,0.76 ,2.75
1220,2011,0.85 ,2.75
1221,2011,0.85 ,3
1222,2011,0.80 ,2.75
1223,2016,0.70 ,3.75
1224,2014,0.70 ,3
1225,2014,0.66 ,3.5
1226,2013,0.74 ,2.75
1227,2013,0.72 ,2.75
1228,2013,0.72 ,2.75
1229,2013,0.72 ,3
1230,2013,0.72 ,3
1231,2014,0.68 ,2.75
1232,2014,0.80 ,3.25
1233,2011,0.66 ,3.75
1234,2009,0.70 ,3
1235,2009,0.75 ,3
1236,2009,0.68 ,3.25
1237,2009,0.60 ,3
1238,2006,0.60 ,3
1239,2012,0.65 ,3
1240,2012,0.72 ,3
1241,2016,0.70 ,4
1242,2014,0.70 ,3.25
1243,2014,0.70 ,3.5
1244,2014,0.70 ,3.75
1245,2014,0.70 ,4
1246,2012,0.85 ,2.75
1247,2012,0.70 ,4
1248,2011,0.70 ,3.5
1249,2008,0.60 ,2.5
1250,2008,0.65 ,2.75
1251,2008,0.72 ,3
1252,2008,1.00 ,2
1253,2008,0.70 ,3.5
1254,2016,0.70 ,2.75
1255,2016,0.72 ,3
1256,2015,0.70 ,3.25
1257,2015,0.70 ,3.25
1258,2015,0.72 ,3.5
1259,2015,0.72 ,3.75
1260,2014,0.72 ,2.75
1261,2014,0.78 ,3.75
1262,2014,0.75 ,2.75
1263,2014,0.75 ,3.5
1264,2014,0.70 ,3.75
1265,2016,0.76 ,3
1266,2014,0.65 ,3.5
1267,2016,0.70 ,3.25
1268,2015,0.70 ,3.5
1269,2014,0.70 ,3
1270,2014,0.70 ,3.5
1271,2013,0.55 ,2.5
1272,2013,0.70 ,2.75
1273,2011,0.70 ,3.75
1274,2009,0.75 ,4
1275,2009,0.67 ,3.5
1276,2009,0.70 ,3.5
1277,2007,0.70 ,4
1278,2013,0.67 ,4
1279,2014,0.73 ,2.25
1280,2014,0.64 ,2.75
1281,2015,0.82 ,3
1282,2015,0.70 ,3.25
1283,2010,0.75 ,3
1284,2010,0.75 ,3.25
1285,2010,0.78 ,3.75
1286,2010,0.85 ,3
1287,2009,0.72 ,3
1288,2009,0.72 ,3
1289,2007,0.70 ,4
1290,2007,0.72 ,3.75
1291,2007,0.72 ,4
1292,2007,0.85 ,3.5
1293,2006,0.72 ,4
1294,2006,0.72 ,3
1295,2006,0.72 ,4
1296,2016,0.80 ,2.5
1297,2015,0.62 ,2.5
1298,2015,0.80 ,2.75
1299,2015,0.80 ,2.75
1300,2015,0.80 ,2.75
1301,2015,0.80 ,3.25
1302,2014,0.73 ,3.25
1303,2014,0.73 ,2.5
1304,2014,0.73 ,3.25
1305,2014,0.73 ,3.5
1306,2012,0.76 ,2.5
1307,2012,0.82 ,2.75
1308,2016,0.70 ,3.75
1309,2014,0.70 ,3.75
1310,2011,0.70 ,3.5
1311,2011,0.70 ,3
1312,2011,0.70 ,2.75
1313,2011,0.70 ,3.5
1314,2010,0.82 ,3.75
1315,2015,0.75 ,3.25
1316,2011,0.75 ,3.25
1317,2010,0.75 ,3.5
1318,2009,0.75 ,2
1319,2008,0.75 ,3
1320,2008,1.00 ,3
1321,2008,0.75 ,2
1322,2008,0.75 ,3.5
1323,2007,0.75 ,4
1324,2006,0.75 ,3
1325,2006,0.75 ,3.5
1326,2006,0.75 ,3.5
1327,2006,0.75 ,3.5
1328,2006,0.75 ,3.75
1329,2006,0.75 ,3.5
1330,2006,0.75 ,3.5
1331,2006,0.75 ,4
1332,2006,0.75 ,3
1333,2006,0.75 ,3
1334,2006,0.75 ,3.25
1335,2006,0.75 ,3.5
1336,2006,0.80 ,4
1337,2006,0.75 ,3
1338,2006,0.75 ,3
1339,2006,0.75 ,3.5
1340,2016,0.77 ,3.5
1341,2015,0.70 ,3.5
1342,2015,0.74 ,3.5
1343,2015,0.80 ,2.75
1344,2014,0.75 ,2.75
1345,2014,0.75 ,3
1346,2014,0.72 ,3.25
1347,2014,0.85 ,2.75
1348,2012,0.73 ,2.75
1349,2013,0.75 ,3.25
1350,2013,0.85 ,3.5
1351,2013,0.55 ,2.75
1352,2013,0.80 ,3.25
1353,2012,0.60 ,3
1354,2012,0.65 ,3.25
1355,2016,0.70 ,2.75
1356,2016,0.74 ,3
1357,2016,0.70 ,3
1358,2015,0.75 ,2.75
1359,2012,0.75 ,3.25
1360,2011,0.85 ,3.5
1361,2010,0.70 ,2.75
1362,2010,0.75 ,3
1363,2015,0.70 ,2.5
1364,2015,0.80 ,3.25
1365,2015,0.73 ,3.5
1366,2016,0.75 ,3.25
1367,2012,0.70 ,2.5
1368,2010,0.75 ,3.25
1369,2009,0.75 ,2.5
1370,2007,0.75 ,3
1371,2007,0.67 ,3.5
1372,2007,0.75 ,3.75
1373,2016,0.75 ,3.75
1374,2015,0.85 ,3.5
1375,2015,0.70 ,3.5
1376,2013,0.75 ,3.75
1377,2013,0.75 ,3
1378,2012,0.75 ,4
1379,2012,0.75 ,3.25
1380,2012,0.75 ,3.5
1381,2011,0.75 ,3.5
1382,2016,0.70 ,3.25
1383,2016,0.70 ,3.25
1384,2016,0.70 ,3.25
1385,2013,0.75 ,3.25
1386,2013,0.68 ,3.25
1387,2012,0.66 ,3.5
1388,2016,0.75 ,3.75
1389,2015,0.70 ,3.75
1390,2015,0.75 ,3.25
1391,2014,0.80 ,3.75
1392,2013,0.70 ,3.5
1393,2013,0.70 ,3.5
1394,2013,0.75 ,4
1395,2013,0.75 ,3.75
1396,2012,0.75 ,3.75
1397,2011,0.75 ,3
1398,2010,0.75 ,3.75
1399,2009,0.70 ,3.5
1400,2008,0.70 ,2.75
1401,2008,0.70 ,2.75
1402,2008,0.70 ,2.75
1403,2008,0.70 ,3
1404,2012,0.84 ,2.5
1405,2012,0.76 ,2.25
1406,2012,0.72 ,2.5
1407,2011,0.73 ,3.5
1408,2011,0.71 ,2.5
1409,2011,0.70 ,3.5
1410,2011,0.77 ,2.75
1411,2010,0.64 ,3.5
1412,2010,1.00 ,1.5
1413,2010,0.70 ,3
1414,2010,0.72 ,3.5
1415,2010,0.72 ,3.5
1416,2012,0.83 ,2.75
1417,2012,0.69 ,3.25
1418,2008,0.70 ,3.5
1419,2008,0.70 ,3.5
1420,2008,0.70 ,3.5
1421,2008,0.70 ,3.5
1422,2009,0.75 ,2.75
1423,2009,0.70 ,3
1424,2006,0.53 ,2
1425,2006,0.65 ,3
1426,2006,0.70 ,4
1427,2011,0.70 ,2.75
1428,2012,0.78 ,4
1429,2011,0.68 ,3.75
1430,2010,0.68 ,3.5
1431,2010,0.65 ,3.75
1432,2009,0.68 ,3.75
1433,2009,0.65 ,4
1434,2009,0.72 ,3.75
1435,2008,0.72 ,3
1436,2007,0.72 ,3
1437,2007,0.62 ,3
1438,2007,0.75 ,3.75
1439,2007,0.75 ,3
1440,2006,0.82 ,2
1441,2006,0.70 ,3.5
1442,2006,0.68 ,2
1443,2006,0.70 ,2
1444,2006,0.62 ,3
1445,2015,0.70 ,2.75
1446,2015,0.70 ,2.75
1447,2015,0.72 ,3.25
1448,2015,0.73 ,3.5
1449,2015,0.77 ,2.75
1450,2015,0.74 ,3.5
1451,2014,0.75 ,3
1452,2014,0.72 ,3.25
1453,2011,0.73 ,2
1454,2011,0.73 ,2.5
1455,2016,0.70 ,3.25
1456,2011,0.75 ,3.5
1457,2015,0.82 ,3.25
1458,2015,0.70 ,3.5
1459,2012,0.70 ,2.5
1460,2011,0.67 ,3
1461,2011,0.65 ,3.25
1462,2011,0.60 ,3.25
1463,2011,0.68 ,3
1464,2016,0.73 ,3.5
1465,2016,0.73 ,3.5
1466,2016,0.73 ,3.75
1467,2015,1.00 ,3
1468,2015,1.00 ,3
1469,2015,0.73 ,3
1470,2015,0.73 ,3.25
1471,2015,0.73 ,3.25
1472,2014,0.67 ,3.75
1473,2014,0.73 ,3.75
1474,2014,0.73 ,3.75
1475,2015,0.70 ,2.75
1476,2015,0.72 ,3
1477,2017,0.70 ,3.5
1478,2016,0.70 ,3.75
1479,2016,0.70 ,4
1480,2016,0.70 ,3.75
1481,2016,0.70 ,3
1482,2016,0.67 ,3.75
1483,2016,0.70 ,3.25
1484,2015,0.65 ,3.25
1485,2015,0.70 ,3.5
1486,2015,0.67 ,3.75
1487,2015,0.70 ,3.75
1488,2015,0.72 ,4
1489,2015,0.72 ,2.75
1490,2015,0.65 ,3.5
1491,2015,0.67 ,3
1492,2015,0.70 ,3.75
1493,2011,0.67 ,1.5
1494,2010,0.68 ,3
1495,2010,0.68 ,3.25
1496,2016,0.70 ,3.5
1497,2015,0.72 ,3
1498,2016,0.68 ,2.75
1499,2016,0.85 ,2.75
1500,2016,0.70 ,3.25
1501,2016,0.75 ,3.25
1502,2014,0.70 ,3
1503,2013,0.70 ,3
1504,2013,0.70 ,3
1505,2013,0.70 ,3.25
1506,2013,0.70 ,3.25
1507,2013,0.70 ,3.5
1508,2016,0.62 ,3.5
1509,2016,0.70 ,3.5
1510,2016,0.70 ,3.5
1511,2016,0.75 ,3.75
1512,2016,0.70 ,3.75
1513,2016,0.70 ,4
1514,2016,0.70 ,3.25
1515,2015,0.70 ,3.5
1516,2015,0.75 ,4
1517,2014,0.70 ,3.5
1518,2014,0.70 ,3.75
1519,2014,0.70 ,3.25
1520,2014,0.80 ,3.5
1521,2014,0.70 ,3.75
1522,2014,0.70 ,3.25
1523,2013,0.77 ,3.75
1524,2013,0.70 ,3.25
1525,2013,0.70 ,2.75
1526,2013,0.70 ,3.75
1527,2013,0.70 ,3.25
1528,2013,0.70 ,3.75
1529,2013,0.88 ,4
1530,2013,0.70 ,4
1531,2013,0.67 ,4
1532,2013,0.70 ,3.25
1533,2013,0.70 ,4
1534,2012,0.70 ,3.25
1535,2012,0.70 ,3.75
1536,2012,0.70 ,4
1537,2012,0.70 ,4
1538,2012,0.70 ,3.5
1539,2012,0.70 ,3.75
1540,2012,0.70 ,3.5
1541,2012,0.85 ,3.5
1542,2011,0.70 ,2.75
1543,2011,0.70 ,3.5
1544,2011,0.64 ,4
1545,2011,0.70 ,4
1546,2011,0.70 ,3.75
1547,2011,0.70 ,3.5
1548,2010,0.70 ,3.75
1549,2009,0.70 ,3
1550,2009,0.70 ,3.5
1551,2009,0.70 ,3
1552,2009,0.70 ,3.5
1553,2009,0.70 ,3.75
1554,2009,0.70 ,3.75
1555,2014,0.70 ,3.25
1556,2014,0.70 ,3.5
1557,2017,0.70 ,3.25
1558,2017,0.70 ,3.5
1559,2017,0.75 ,3.5
1560,2017,0.75 ,3.25
1561,2017,0.77 ,3.25
1562,2017,0.80 ,3.5
1563,2012,0.70 ,3
1564,2012,0.80 ,3
1565,2012,0.75 ,3.25
1566,2017,0.70 ,3.75
1567,2017,0.70 ,3.5
1568,2017,0.70 ,2.75
1569,2016,0.70 ,3.5
1570,2016,0.70 ,3.75
1571,2016,0.70 ,3.75
1572,2014,0.72 ,2.75
1573,2013,0.70 ,3
1574,2013,0.70 ,3
1575,2013,0.84 ,2.25
1576,2015,0.70 ,3
1577,2015,0.70 ,3
1578,2015,0.70 ,3
1579,2015,0.70 ,3
1580,2015,0.70 ,3
1581,2012,0.68 ,2.75
1582,2011,0.72 ,3.25
1583,2014,0.84 ,3.5
1584,2014,0.70 ,3.5
1585,2012,0.65 ,2.5
1586,2012,0.70 ,2.5
1587,2012,0.75 ,2.75
1588,2013,0.67 ,2.75
1589,2013,0.78 ,3.25
1590,2016,0.61 ,2.5
1591,2016,0.71 ,3
1592,2016,0.70 ,2.75
1593,2016,0.60 ,3
1594,2015,0.70 ,2.75
1595,2015,0.70 ,3.25
1596,2015,0.88 ,3.25
1597,2015,0.70 ,3.25
1598,2015,0.70 ,3.75
1599,2015,0.70 ,3.25
1600,2015,0.70 ,3.5
1601,2014,0.70 ,3.5
1602,2014,0.70 ,3.75
1603,2013,0.70 ,3.5
1604,2013,0.70 ,3.5
1605,2013,0.70 ,3.25
1606,2012,0.70 ,3.25
1607,2012,0.70 ,3.25
1608,2012,0.70 ,3.75
1609,2011,0.70 ,3
1610,2013,0.70 ,2.75
1611,2013,0.70 ,2.75
1612,2013,0.70 ,2.5
1613,2013,0.70 ,3
1614,2015,0.70 ,3
1615,2015,0.62 ,3.25
1616,2015,0.60 ,3.25
1617,2015,0.77 ,2.75
1618,2016,0.70 ,3.25
1619,2014,0.68 ,3
1620,2011,0.87 ,3.25
1621,2009,0.75 ,2.75
1622,2007,0.70 ,3
1623,2016,0.62 ,2
1624,2012,0.99 ,3.25
1625,2009,0.60 ,2.75
1626,2009,0.68 ,3
1627,2008,0.70 ,2.5
1628,2008,0.70 ,2.5
1629,2008,0.70 ,2.75
1630,2008,0.70 ,2.5
1631,2012,0.70 ,2.75
1632,2012,0.70 ,3
1633,2012,0.70 ,3
1634,2012,0.70 ,3.5
1635,2012,0.70 ,3.25
1636,2012,0.70 ,2
1637,2012,0.70 ,3.25
1638,2012,0.70 ,2.75
1639,2012,0.70 ,3
1640,2012,0.70 ,3.25
1641,2012,0.70 ,2.75
1642,2012,0.80 ,3
1643,2012,0.67 ,3.25
1644,2012,0.70 ,3.5
1645,2015,0.70 ,2.75
1646,2015,0.70 ,3.75
1647,2015,0.70 ,3.75
1648,2015,0.70 ,3.25
1649,2015,0.70 ,3.5
1650,2015,0.70 ,3.75
1651,2014,0.77 ,3.25
1652,2014,0.67 ,3.75
1653,2014,0.73 ,3.75
1654,2015,0.70 ,3
1655,2012,0.65 ,3.25
1656,2007,0.65 ,3.5
1657,2007,0.75 ,2.5
1658,2007,0.84 ,3
1659,2007,0.91 ,2
1660,2007,0.75 ,3
1661,2015,0.70 ,3.25
1662,2016,0.72 ,3.75
1663,2014,0.81 ,3.25
1664,2012,0.70 ,4
1665,2012,0.77 ,3
1666,2011,0.72 ,2.75
1667,2011,0.74 ,3
1668,2014,0.72 ,3
1669,2011,0.72 ,3.5
1670,2015,0.75 ,2.75
1671,2015,0.75 ,3.5
1672,2014,0.75 ,3.5
1673,2013,0.68 ,3.25
1674,2013,0.75 ,2.5
1675,2011,0.73 ,2.75
1676,2016,0.60 ,3
1677,2011,0.63 ,3.75
1678,2014,0.74 ,2.75
1679,2014,0.70 ,3
1680,2016,0.72 ,3
1681,2016,0.72 ,3.25
1682,2014,0.65 ,3.25
1683,2015,0.63 ,4
1684,2013,0.70 ,3.5
1685,2013,0.64 ,3.5
1686,2012,0.69 ,4
1687,2011,0.56 ,3.25
1688,2011,0.64 ,4
1689,2009,0.64 ,3.75
1690,2009,0.66 ,3.75
1691,2009,0.68 ,3.5
1692,2007,0.72 ,3
1693,2007,0.65 ,3.75
1694,2007,0.64 ,4
1695,2007,0.85 ,1.5
1696,2007,0.85 ,2.5
1697,2007,0.71 ,2.75
1698,2007,0.64 ,3.25
1699,2006,0.66 ,3
1700,2006,0.70 ,4
1701,2006,0.64 ,2.5
1702,2006,0.64 ,3
1703,2006,0.64 ,3.5
1704,2012,0.72 ,2.5
1705,2012,0.65 ,2.75
1706,2009,0.72 ,2.75
1707,2009,0.76 ,2.75
1708,2009,0.80 ,2.75
1709,2009,0.70 ,3
1710,2009,0.68 ,3
1711,2009,0.64 ,3.25
1712,2015,0.70 ,3.25
1713,2015,0.70 ,3.25
1714,2014,0.90 ,3.25
1715,2014,0.75 ,3.5
1716,2014,0.75 ,3.5
1717,2013,0.90 ,3.75
1718,2012,0.70 ,3.25
1719,2012,0.70 ,3.5
1720,2014,0.75 ,3
1721,2007,1.00 ,2
1722,2007,0.90 ,2
1723,2007,0.75 ,3
1724,2007,0.65 ,3
1725,2015,0.77 ,2.75
1726,2015,0.77 ,3
1727,2015,0.77 ,3
1728,2015,0.77 ,3.25
1729,2015,0.77 ,2.75
1730,2016,0.70 ,2.5
1731,2016,0.70 ,2.5
1732,2016,0.70 ,3
1733,2016,0.70 ,3.5
1734,2016,0.70 ,3.5
1735,2011,0.72 ,2.5
1736,2013,0.75 ,2.5
1737,2013,0.89 ,2.75
1738,2013,0.75 ,3.25
1739,2013,0.75 ,2.75
1740,2016,0.70 ,4
1741,2014,0.88 ,3
1742,2013,1.00 ,2.25
1743,2010,0.71 ,3
1744,2010,0.72 ,3.5
1745,2010,0.69 ,3.75
1746,2009,0.70 ,3
1747,2009,0.72 ,3.25
1748,2016,0.74 ,3
1749,2016,0.76 ,3.5
1750,2016,0.75 ,3.75
1751,2014,0.70 ,3
1752,2013,0.70 ,3.25
1753,2013,0.70 ,3.5
1754,2012,0.70 ,2.5
1755,2012,0.70 ,3
1756,2012,0.70 ,3.25
1757,2011,0.70 ,4
1758,2011,0.70 ,3.5
1759,2013,0.66 ,3
1760,2017,0.70 ,2.75
1761,2017,0.70 ,2.5
1762,2015,0.70 ,3
1763,2015,0.70 ,3.25
1764,2015,0.70 ,3.25
1765,2015,0.70 ,3.25
1766,2015,0.70 ,3.5
1767,2015,0.60 ,3
1768,2016,0.70 ,3.5
1769,2016,0.70 ,2.75
1770,2016,0.85 ,2.75
1771,2016,0.85 ,3
1772,2016,0.70 ,3.5
1773,2016,0.78 ,3.5
1774,2016,0.78 ,3.75
1775,2016,0.65 ,3.25
1776,2011,0.68 ,3.5
1777,2011,0.66 ,3.5
1778,2011,0.72 ,3.75
1779,2014,0.80 ,2.75
1780,2012,0.72 ,3.5
1781,2012,0.65 ,3.5
1782,2012,0.70 ,3
1783,2012,0.70 ,3.5
1784,2012,0.62 ,3.75
1785,2012,0.75 ,3
1786,2012,0.75 ,3
1787,2012,0.90 ,3.25
1788,2012,0.70 ,3.75
1789,2012,0.68 ,3.25
1790,2012,0.58 ,3.5
1791,2011,0.70 ,3.75
1792,2011,0.65 ,3
1793,2011,0.65 ,3.5
1794,2011,0.62 ,3.25
1795,2010,0.65 ,3
