1.0,4.2
2.0,3.7
3.0,3.9
4.0,4.2
5.0,3.1
6.0,3.9
7.0,4.3
8.0,3.9
9.0,3.7
10.0,4.1
11.0,3.3
12.0,3.8
13.0,3.4
14.0,3.3
15.0,3.3
16.0,3.0
17.0,4.1
18.0,3.6
19.0,3.6
20.0,4.1
21.0,2.9
22.0,3.1
23.0,3.3
24.0,3.9
25.0,3.7
26.0,3.0
27.0,4.2
28.0,3.8
29.0,3.6
30.0,3.5
31.0,3.7
32.0,3.6
33.0,3.5
34.0,3.9
35.0,3.5
36.0,4.2
37.0,3.7
38.0,3.6
39.0,3.6
40.0,3.4
41.0,3.5
42.0,3.7
43.0,4.1
44.0,3.6
45.0,2.9
46.0,4.2
47.0,3.9
48.0,3.1
49.0,3.7
50.0,3.1
51.0,3.8
52.0,3.6
53.0,4.2
54.0,4.0
55.0,4.1
56.0,4.0
57.0,2.9
58.0,4.0
59.0,3.5
60.0,3.4
61.0,2.8
62.0,3.6
63.0,3.4
64.0,4.1
65.0,4.3
66.0,3.8
67.0,4.3
68.0,3.8
69.0,4.2
70.0,3.7
71.0,3.8
72.0,3.7
73.0,3.4
74.0,4.0
75.0,4.0
76.0,4.2
77.0,2.9
78.0,3.7
79.0,3.6
80.0,3.9
81.0,4.4
82.0,4.0
83.0,3.6
84.0,3.8
85.0,3.1
86.0,4.3
87.0,2.8
88.0,4.1
89.0,3.2
90.0,3.5
91.0,4.7
92.0,2.8
93.0,3.0
94.0,3.9
95.0,3.6
96.0,3.6
97.0,4.5
98.0,3.8
99.0,3.2
100.0,3.0
101.0,4.7
102.0,3.1
103.0,4.1
104.0,3.3
105.0,4.3
106.0,4.0
107.0,3.7
108.0,3.1
109.0,4.0
110.0,3.2
111.0,3.7
112.0,4.2
113.0,3.5
114.0,3.7
115.0,3.8
116.0,3.8
117.0,3.3
118.0,3.8
119.0,3.5
120.0,3.6
121.0,4.4
122.0,3.0
123.0,3.4
124.0,4.2
125.0,4.1
126.0,4.0
127.0,3.8
128.0,4.4
129.0,4.0
130.0,4.3
131.0,3.4
132.0,4.0
133.0,3.8
134.0,2.7
135.0,3.7
136.0,3.1
137.0,3.6
138.0,4.5
139.0,3.9
140.0,3.8
141.0,3.7
142.0,3.3
143.0,3.5
144.0,3.5
145.0,3.0
146.0,3.8
147.0,3.5
148.0,3.7
149.0,3.9
150.0,4.0
151.0,3.7
152.0,4.1
153.0,4.1
154.0,3.1
155.0,3.0
156.0,4.2
157.0,3.7
158.0,4.0
159.0,3.8
160.0,3.5
161.0,4.5
162.0,4.1
163.0,2.2
164.0,4.4
165.0,4.0
166.0,3.7
167.0,2.9
168.0,3.8
169.0,3.6
170.0,4.0
171.0,4.0
172.0,3.6
173.0,4.0
174.0,3.6
175.0,4.0
176.0,3.6
177.0,4.1
178.0,3.8
179.0,2.7
180.0,3.7
181.0,3.6
182.0,3.8
183.0,4.1
184.0,4.1
185.0,3.6
186.0,4.3
187.0,4.1
188.0,3.2
189.0,4.0
190.0,3.7
191.0,3.3
192.0,3.1
193.0,3.7
194.0,4.0
195.0,3.9
196.0,4.1
197.0,3.9
198.0,3.7
199.0,3.3
200.0,3.4
201.0,4.0
202.0,3.2
203.0,2.3
204.0,3.6
205.0,4.1
206.0,3.1
207.0,3.5
208.0,3.7
209.0,3.2
210.0,4.0
211.0,3.9
212.0,3.9
213.0,4.2
214.0,3.2
215.0,4.6
216.0,3.2
217.0,3.7
218.0,3.1
219.0,3.3
220.0,4.2
221.0,3.2
222.0,4.1
223.0,3.4
224.0,3.4
225.0,3.4
226.0,3.6
227.0,3.3
228.0,4.0
229.0,3.4
230.0,4.1
231.0,4.2
232.0,3.6
233.0,4.6
234.0,4.3
235.0,4.1
236.0,3.7
237.0,3.4
238.0,3.8
239.0,4.1
240.0,3.3
241.0,4.0
242.0,3.2
243.0,3.6
244.0,4.1
245.0,2.7
246.0,4.0
247.0,3.9
248.0,4.2
249.0,3.9
250.0,3.8
251.0,3.6
252.0,4.0
253.0,3.9
254.0,3.8
255.0,4.0
256.0,3.9
257.0,4.5
258.0,3.7
259.0,4.0
260.0,3.3
261.0,3.6
262.0,3.3
263.0,3.7
264.0,2.8
265.0,4.2
266.0,4.5
267.0,3.4
268.0,3.4
269.0,3.8
270.0,4.2
271.0,4.0
272.0,3.7
273.0,3.7
274.0,4.2
275.0,4.2
276.0,3.5
277.0,3.7
278.0,4.0
279.0,2.9
280.0,3.9
281.0,3.9
282.0,3.5
283.0,5.0
284.0,3.0
285.0,4.2
286.0,3.9
287.0,3.7
288.0,4.6
289.0,3.9
290.0,3.3
291.0,4.1
292.0,3.8
293.0,3.2
294.0,3.5
295.0,3.8
296.0,3.6
297.0,4.0
298.0,3.9
299.0,4.2
300.0,4.2
301.0,3.8
302.0,2.9
303.0,3.9
304.0,3.6
305.0,2.6
306.0,3.9
307.0,4.6
308.0,3.4
309.0,4.0
310.0,3.4
311.0,4.2
312.0,3.7
313.0,4.0
314.0,3.7
315.0,3.9
316.0,4.1
317.0,3.8
318.0,4.0
319.0,3.3
320.0,4.2
321.0,3.3
322.0,4.5
323.0,3.8
324.0,3.3
325.0,4.0
326.0,3.3
327.0,3.7
328.0,3.0
329.0,2.7
330.0,4.0
331.0,3.8
332.0,4.3
333.0,3.4
334.0,4.0
335.0,2.5
336.0,4.3
337.0,3.5
338.0,3.7
339.0,4.0
340.0,3.5
341.0,4.2
342.0,3.7
343.0,4.0
344.0,3.0
345.0,4.4
346.0,4.3
347.0,3.9
348.0,3.8
349.0,3.2
350.0,3.9
351.0,3.8
352.0,3.5
353.0,3.9
354.0,3.6
355.0,3.4
356.0,4.4
357.0,3.3
358.0,3.8
359.0,3.9
360.0,3.6
361.0,3.5
362.0,3.3
363.0,3.7
364.0,3.1
365.0,3.3
366.0,4.1
367.0,4.2
368.0,3.8
369.0,3.2
370.0,3.8
371.0,3.5
372.0,4.6
373.0,3.6
374.0,4.4
375.0,4.1
376.0,4.1
377.0,3.9
378.0,3.5
379.0,4.2
380.0,3.7
381.0,4.1
382.0,4.0
383.0,3.6
384.0,3.6
385.0,4.0
386.0,3.3
387.0,3.7
388.0,3.9
389.0,3.6
390.0,3.7
391.0,3.7
392.0,3.5
393.0,3.6
394.0,3.3
395.0,3.6
396.0,3.6
397.0,3.9
398.0,3.8
399.0,4.2
400.0,3.9
401.0,3.9
402.0,3.6
403.0,3.8
404.0,4.1
405.0,3.8
406.0,3.3
407.0,3.4
408.0,4.4
409.0,3.9
410.0,4.0
411.0,3.3
412.0,4.4
413.0,4.4
414.0,3.1
415.0,3.9
416.0,3.8
417.0,4.0
418.0,3.5
419.0,4.0
420.0,4.4
421.0,4.2
422.0,3.3
423.0,2.5
424.0,3.7
425.0,3.7
426.0,3.8
427.0,4.1
428.0,3.9
429.0,3.3
430.0,4.0
431.0,3.6
432.0,3.0
433.0,3.4
434.0,4.0
435.0,3.8
436.0,3.8
437.0,4.3
438.0,3.5
439.0,3.9
440.0,3.6
441.0,4.0
442.0,3.8
443.0,3.8
444.0,4.0
445.0,3.3
446.0,4.8
447.0,4.8
448.0,3.4
449.0,3.7
450.0,4.2
451.0,4.5
452.0,4.4
453.0,3.7
454.0,3.2
455.0,4.2
456.0,3.4
457.0,3.7
458.0,3.5
459.0,3.7
460.0,3.4
461.0,3.2
462.0,3.5
463.0,3.0
464.0,3.6
465.0,3.5
466.0,4.1
467.0,3.2
468.0,3.7
469.0,4.3
470.0,3.8
471.0,3.6
472.0,4.0
473.0,4.2
474.0,3.4
475.0,3.8
476.0,3.8
477.0,3.6
478.0,3.9
479.0,3.8
480.0,3.4
481.0,3.7
482.0,3.3
483.0,2.9
484.0,3.7
485.0,4.0
486.0,4.1
487.0,3.3
488.0,3.6
489.0,3.3
490.0,3.8
491.0,3.7
492.0,3.9
493.0,3.8
494.0,4.2
495.0,3.8
496.0,4.3
497.0,3.6
498.0,3.7
499.0,4.0
500.0,3.6
501.0,3.4
502.0,4.1
503.0,4.4
504.0,3.8
505.0,4.2
506.0,3.4
507.0,4.0
508.0,3.3
509.0,3.3
510.0,3.8
511.0,3.7
512.0,3.8
513.0,3.1
514.0,4.2
515.0,3.7
516.0,2.9
517.0,4.0
518.0,4.3
519.0,3.4
520.0,3.9
521.0,4.3
522.0,3.8
523.0,4.1
524.0,3.6
525.0,4.0
526.0,3.9
527.0,4.1
528.0,3.4
529.0,4.2
530.0,4.0
531.0,3.2
532.0,3.9
533.0,3.3
534.0,3.7
535.0,3.6
536.0,3.9
537.0,4.3
538.0,4.5
539.0,3.9
540.0,3.2
541.0,3.2
542.0,3.8
543.0,4.1
544.0,3.8
545.0,3.5
546.0,3.2
547.0,3.9
548.0,3.1
549.0,3.8
550.0,3.6
551.0,3.8
552.0,3.8
553.0,4.2
554.0,3.5
555.0,3.8
556.0,3.5
557.0,3.9
558.0,3.7
559.0,3.0
560.0,3.9
561.0,3.7
562.0,3.7
563.0,2.7
564.0,4.0
565.0,3.4
566.0,2.6
567.0,4.6
568.0,4.4
569.0,3.5
570.0,3.3
571.0,3.7
572.0,3.0
573.0,4.0
574.0,4.1
575.0,3.7
576.0,3.7
577.0,4.5
578.0,4.0
579.0,3.9
580.0,3.3
581.0,3.7
582.0,4.3
583.0,4.0
584.0,4.3
585.0,3.5
586.0,4.5
587.0,3.0
588.0,4.1
589.0,4.0
590.0,4.1
591.0,3.2
592.0,4.4
593.0,3.6
594.0,4.3
595.0,4.0
596.0,3.0
597.0,4.5
598.0,3.3
599.0,3.9
600.0,3.7
601.0,3.2
602.0,3.4
603.0,3.5
604.0,3.1
605.0,4.0
606.0,4.0
607.0,4.2
608.0,3.2
609.0,4.3
610.0,3.5
611.0,3.9
612.0,3.5
613.0,3.6
614.0,3.8
615.0,4.1
616.0,4.0
617.0,4.1
618.0,3.0
619.0,3.9
620.0,3.3
621.0,3.0
622.0,3.9
623.0,4.2
624.0,3.7
625.0,4.0
626.0,4.1
627.0,3.6
628.0,3.9
629.0,3.4
630.0,4.3
631.0,3.8
632.0,3.8
633.0,3.6
634.0,4.0
635.0,4.3
636.0,4.1
637.0,3.8
638.0,4.2
639.0,3.7
640.0,4.3
641.0,4.0
642.0,4.1
643.0,2.7
644.0,3.1
645.0,4.5
646.0,3.8
647.0,3.1
648.0,3.7
649.0,3.7
650.0,3.9
651.0,3.6
652.0,2.9
653.0,4.1
654.0,3.4
655.0,2.7
656.0,3.9
657.0,4.0
658.0,3.1
659.0,3.7
660.0,3.0
661.0,4.6
662.0,3.1
663.0,3.6
664.0,4.0
665.0,3.5
666.0,3.9
667.0,3.1
668.0,3.6
669.0,3.8
670.0,3.2
671.0,4.3
672.0,3.9
673.0,3.1
674.0,4.3
675.0,3.3
676.0,3.1
677.0,3.9
678.0,3.7
679.0,3.9
680.0,3.6
681.0,4.2
682.0,4.7
683.0,3.6
684.0,3.9
685.0,3.2
686.0,3.8
687.0,3.5
688.0,3.8
689.0,3.4
690.0,4.3
691.0,4.2
692.0,3.8
693.0,3.9
694.0,3.6
695.0,3.5
696.0,3.8
697.0,3.8
698.0,3.6
699.0,3.1
700.0,3.9
701.0,3.5
702.0,3.3
703.0,4.1
704.0,3.1
705.0,3.4
706.0,3.6
707.0,3.6
708.0,3.9
709.0,2.8
710.0,3.4
711.0,4.0
712.0,3.5
713.0,3.4
714.0,4.2
715.0,3.9
716.0,4.2
717.0,3.2
718.0,3.8
719.0,3.5
720.0,2.9
721.0,3.6
722.0,3.9
723.0,3.8
724.0,3.6
725.0,4.2
726.0,3.9
727.0,3.7
728.0,3.3
729.0,3.5
730.0,3.8
731.0,3.8
732.0,3.4
733.0,4.1
734.0,3.7
735.0,3.6
736.0,3.9
737.0,3.6
738.0,3.3
739.0,4.4
740.0,4.2
741.0,3.3
742.0,4.0
743.0,3.4
744.0,3.4
745.0,2.6
746.0,2.6
747.0,3.6
748.0,4.0
749.0,3.3
750.0,4.3
751.0,3.9
752.0,2.8
753.0,3.8
754.0,3.8
755.0,4.1
756.0,4.0
757.0,3.2
758.0,4.0
759.0,3.6
760.0,4.3
761.0,4.5
762.0,3.7
763.0,3.7
764.0,4.5
765.0,3.6
766.0,3.9
767.0,4.0
768.0,4.4
769.0,3.8
770.0,2.9
771.0,3.8
772.0,3.5
773.0,3.6
774.0,3.2
775.0,4.0
776.0,3.8
777.0,2.6
778.0,3.8
779.0,3.3
780.0,3.5
781.0,3.2
782.0,3.4
783.0,3.5
784.0,4.1
785.0,3.2
786.0,4.1
787.0,3.6
788.0,3.5
789.0,2.9
790.0,4.3
791.0,4.0
792.0,3.5
793.0,3.5
794.0,4.0
795.0,3.4
796.0,3.0
797.0,4.0
798.0,3.1
799.0,3.6
800.0,3.5
801.0,3.7
802.0,3.9
803.0,3.7
804.0,3.3
805.0,3.8
806.0,4.2
807.0,4.0
808.0,3.1
809.0,4.0
810.0,3.8
811.0,4.2
812.0,3.7
813.0,3.3
814.0,4.1
815.0,4.1
816.0,3.7
817.0,4.0
818.0,3.7
819.0,3.3
820.0,3.4
821.0,3.0
822.0,3.7
823.0,3.9
824.0,3.6
825.0,3.6
826.0,3.3
827.0,4.0
828.0,3.4
829.0,4.2
830.0,3.6
831.0,4.1
832.0,3.6
833.0,4.0
834.0,4.2
835.0,2.8
836.0,2.4
837.0,3.3
838.0,4.1
839.0,4.0
840.0,4.2
841.0,3.6
842.0,3.8
843.0,3.9
844.0,3.5
845.0,4.0
846.0,3.9
847.0,3.6
848.0,4.2
849.0,3.3
850.0,3.6
851.0,3.6
852.0,4.1
853.0,3.9
854.0,3.0
855.0,3.4
856.0,3.5
857.0,4.2
858.0,4.2
859.0,3.5
860.0,3.2
861.0,3.9
862.0,3.7
863.0,4.2
864.0,4.1
865.0,3.8
866.0,3.3
867.0,3.7
868.0,3.6
869.0,3.5
870.0,3.6
871.0,3.9
872.0,3.6
873.0,3.8
874.0,3.8
875.0,4.1
876.0,3.8
877.0,3.3
878.0,4.1
879.0,4.0
880.0,3.5
881.0,2.9
882.0,4.1
883.0,3.4
884.0,4.0
885.0,4.1
886.0,3.6
887.0,3.5
888.0,3.8
889.0,2.8
890.0,4.0
891.0,3.7
892.0,3.9
893.0,3.2
894.0,4.4
895.0,4.0
896.0,4.0
897.0,3.6
898.0,4.1
899.0,3.5
900.0,3.6
901.0,3.6
902.0,4.3
903.0,3.5
904.0,3.3
905.0,3.8
906.0,3.5
907.0,4.0
908.0,3.3
909.0,3.9
910.0,3.6
911.0,3.9
912.0,3.7
913.0,3.3
914.0,4.3
915.0,2.8
916.0,3.9
917.0,4.1
918.0,3.0
919.0,3.9
920.0,3.5
921.0,3.7
922.0,3.6
923.0,3.6
924.0,4.0
925.0,3.1
926.0,4.2
927.0,3.2
928.0,4.3
929.0,3.7
930.0,3.1
931.0,4.0
932.0,4.5
933.0,3.7
934.0,3.0
935.0,3.5
936.0,3.5
937.0,3.7
938.0,3.9
939.0,3.8
940.0,3.2
941.0,2.3
942.0,4.0
943.0,4.3
944.0,3.8
945.0,3.6
946.0,4.3
947.0,3.0
948.0,3.7
949.0,3.9
950.0,3.0
951.0,4.5
952.0,4.0
953.0,4.7
954.0,3.8
955.0,3.6
956.0,4.0
957.0,4.3
958.0,3.9
959.0,3.7
960.0,3.9
961.0,3.7
962.0,4.0
963.0,3.4
964.0,3.7
965.0,4.1
966.0,3.6
967.0,3.5
968.0,4.1
969.0,4.1
970.0,3.1
971.0,3.3
972.0,3.4
973.0,3.4
974.0,3.7
975.0,3.3
976.0,3.4
977.0,3.8
978.0,3.9
979.0,4.0
980.0,3.2
981.0,3.3
982.0,4.2
983.0,4.1
984.0,3.5
985.0,4.2
986.0,3.8
987.0,4.0
988.0,3.8
989.0,4.7
990.0,3.5
991.0,3.8
992.0,3.4
993.0,3.3
994.0,4.2
995.0,3.9
996.0,3.9
997.0,3.9
998.0,4.1
999.0,3.2
1000.0,4.1
1001.0,3.7
1002.0,4.1
1003.0,4.1
1004.0,3.2
1005.0,4.1
1006.0,3.1
1007.0,4.2
1008.0,3.8
1009.0,3.8
1010.0,2.5
1011.0,3.7
1012.0,3.4
1013.0,3.8
1014.0,3.5
1015.0,3.7
1016.0,3.8
1017.0,3.3
1018.0,4.2
1019.0,3.0
1020.0,4.0
1021.0,4.7
1022.0,3.6
1023.0,4.1
1024.0,3.7
1025.0,3.8
1026.0,4.0
1027.0,3.8
1028.0,4.0
1029.0,3.2
1030.0,3.6
1031.0,4.1
1032.0,3.9
1033.0,3.3
1034.0,3.5
1035.0,3.8
1036.0,4.3
1037.0,3.6
1038.0,3.9
1039.0,2.9
1040.0,4.2
1041.0,4.3
1042.0,2.8
1043.0,3.9
1044.0,3.8
1045.0,3.5
1046.0,3.9
1047.0,3.9
1048.0,4.0
1049.0,3.6
1050.0,2.9
1051.0,3.5
1052.0,4.3
1053.0,3.3
1054.0,3.9
1055.0,3.4
1056.0,3.5
1057.0,3.7
1058.0,3.8
1059.0,2.9
1060.0,3.4
1061.0,4.0
1062.0,4.5
1063.0,4.2
1064.0,3.7
1065.0,3.7
1066.0,3.5
1067.0,4.0
1068.0,3.7
1069.0,2.9
1070.0,3.6
1071.0,4.4
1072.0,4.0
1073.0,4.1
1074.0,3.4
1075.0,4.0
1076.0,3.2
1077.0,4.0
1078.0,4.0
1079.0,3.6
1080.0,3.7
1081.0,4.1
1082.0,4.3
1083.0,2.7
1084.0,3.1
1085.0,3.7
1086.0,3.9
1087.0,3.8
1088.0,3.3
1089.0,4.0
1090.0,3.4
1091.0,2.7
1092.0,4.1
1093.0,3.4
1094.0,3.6
1095.0,4.0
1096.0,2.6
1097.0,3.5
1098.0,4.2
1099.0,3.5
1100.0,2.2
1101.0,3.3
1102.0,2.3
1103.0,3.5
1104.0,3.8
1105.0,3.9
1106.0,3.8
1107.0,3.7
1108.0,4.1
1109.0,3.1
1110.0,4.3
1111.0,4.0
1112.0,3.4
1113.0,4.0
1114.0,3.5
1115.0,3.2
1116.0,3.9
1117.0,3.8
1118.0,3.7
1119.0,3.8
1120.0,3.8
1121.0,4.0
1122.0,3.2
1123.0,3.4
1124.0,3.8
1125.0,3.2
1126.0,3.8
1127.0,3.2
1128.0,3.2
1129.0,4.1
1130.0,3.8
1131.0,4.8
1132.0,4.3
1133.0,3.4
1134.0,4.4
1135.0,3.8
1136.0,3.3
1137.0,3.7
1138.0,3.7
1139.0,3.9
1140.0,3.8
1141.0,3.3
1142.0,3.4
1143.0,4.3
1144.0,3.8
1145.0,3.4
1146.0,2.8
1147.0,3.5
1148.0,3.8
1149.0,3.3
1150.0,2.6
1151.0,3.8
1152.0,2.6
1153.0,2.7
1154.0,3.4
1155.0,3.2
1156.0,3.6
1157.0,4.3
1158.0,3.6
1159.0,2.6
1160.0,3.1
1161.0,4.0
1162.0,3.6
1163.0,3.6
1164.0,3.4
1165.0,3.6
1166.0,3.5
1167.0,3.4
1168.0,3.4
1169.0,2.8
1170.0,4.0
1171.0,4.3
1172.0,3.5
1173.0,3.2
1174.0,3.1
1175.0,4.2
1176.0,4.1
1177.0,4.0
1178.0,3.5
1179.0,3.7
1180.0,4.5
1181.0,2.8
1182.0,3.4
1183.0,3.7
1184.0,3.3
1185.0,3.6
1186.0,4.3
1187.0,3.4
1188.0,4.2
1189.0,3.8
1190.0,4.0
1191.0,4.3
1192.0,4.4
1193.0,2.8
1194.0,3.3
1195.0,3.7
1196.0,3.9
1197.0,4.2
1198.0,3.7
1199.0,3.6
1200.0,3.6
1201.0,3.6
1202.0,3.5
1203.0,3.7
1204.0,3.5
1205.0,3.9
1206.0,3.6
1207.0,2.4
1208.0,4.0
1209.0,3.4
1210.0,3.9
1211.0,3.9
1212.0,3.9
1213.0,4.0
1214.0,3.0
1215.0,4.0
1216.0,3.7
1217.0,4.2
1218.0,3.5
1219.0,3.6
1220.0,3.4
1221.0,4.0
1222.0,3.2
1223.0,3.9
1224.0,4.0
1225.0,4.0
1226.0,3.3
1227.0,3.8
1228.0,3.8
1229.0,4.0
1230.0,3.9
1231.0,3.8
1232.0,4.2
1233.0,3.9
1234.0,4.3
1235.0,3.7
1236.0,3.4
1237.0,3.8
1238.0,3.7
1239.0,3.9
1240.0,3.1
1241.0,4.2
1242.0,3.6
1243.0,3.6
1244.0,3.4
1245.0,4.3
1246.0,3.6
1247.0,3.8
1248.0,3.6
1249.0,4.0
1250.0,4.2
1251.0,3.4
1252.0,4.0
1253.0,3.5
1254.0,4.1
1255.0,3.8
1256.0,4.3
1257.0,3.4
1258.0,4.3
1259.0,4.0
1260.0,3.8
1261.0,3.7
1262.0,3.4
1263.0,3.1
1264.0,3.6
1265.0,3.2
1266.0,3.3
1267.0,3.6
1268.0,4.3
1269.0,4.2
1270.0,3.0
1271.0,4.3
1272.0,3.5
1273.0,4.0
1274.0,3.8
1275.0,4.5
1276.0,4.2
1277.0,3.7
1278.0,4.0
1279.0,3.0
1280.0,3.7
1281.0,3.5
1282.0,4.1
1283.0,3.3
1284.0,3.4
1285.0,3.9
1286.0,3.5
1287.0,3.9
1288.0,3.8
1289.0,4.3
1290.0,4.2
1291.0,3.8
1292.0,3.4
1293.0,3.4
1294.0,3.9
1295.0,3.6
1296.0,3.9
1297.0,3.4
1298.0,3.8
1299.0,3.8
1300.0,3.5
1301.0,3.8
1302.0,4.3
1303.0,3.3
1304.0,4.0
1305.0,4.3
1306.0,4.1
1307.0,4.3
1308.0,3.6
1309.0,3.7
1310.0,3.8
1311.0,3.5
1312.0,3.3
1313.0,3.7
1314.0,2.8
1315.0,4.5
1316.0,3.2
1317.0,3.7
1318.0,3.0
1319.0,3.2
1320.0,4.0
1321.0,3.3
1322.0,4.1
1323.0,3.7
1324.0,4.0
1325.0,4.0
1326.0,3.9
1327.0,3.5
1328.0,3.6
1329.0,3.3
1330.0,4.3
1331.0,4.0
1332.0,3.5
1333.0,3.7
1334.0,3.9
1335.0,3.1
1336.0,4.1
1337.0,3.8
1338.0,4.0
1339.0,2.8
1340.0,2.2
1341.0,2.4
1342.0,3.0
1343.0,4.4
1344.0,3.7
1345.0,3.7
1346.0,3.5
1347.0,3.8
1348.0,3.8
1349.0,4.7
1350.0,3.8
1351.0,4.2
1352.0,3.6
1353.0,3.0
1354.0,3.4
1355.0,4.2
1356.0,2.6
1357.0,2.8
1358.0,3.2
1359.0,3.6
1360.0,3.6
1361.0,4.1
1362.0,3.4
1363.0,4.4
1364.0,4.0
1365.0,3.6
1366.0,3.5
1367.0,3.8
1368.0,4.1
1369.0,3.8
1370.0,3.1
1371.0,4.3
1372.0,3.0
1373.0,3.8
1374.0,3.9
1375.0,3.9
1376.0,3.9
1377.0,2.8
1378.0,4.5
1379.0,3.2
1380.0,3.3
1381.0,3.4
1382.0,4.1
1383.0,3.3
1384.0,3.5
1385.0,3.7
1386.0,4.0
1387.0,3.7
1388.0,4.0
1389.0,3.8
1390.0,3.8
1391.0,3.5
1392.0,3.4
1393.0,4.1
1394.0,3.0
1395.0,3.8
1396.0,3.7
1397.0,3.5
1398.0,3.7
1399.0,3.7
1400.0,4.2
1401.0,4.0
1402.0,4.1
1403.0,3.8
1404.0,2.8
1405.0,3.7
1406.0,3.8
1407.0,4.1
1408.0,3.1
1409.0,4.2
1410.0,4.1
1411.0,3.6
1412.0,3.3
1413.0,3.8
1414.0,3.8
1415.0,3.7
1416.0,3.5
1417.0,3.4
1418.0,3.0
1419.0,2.6
1420.0,3.7
1421.0,3.8
1422.0,3.0
1423.0,4.2
1424.0,3.4
1425.0,3.6
1426.0,3.5
1427.0,3.6
1428.0,4.2
1429.0,3.3
1430.0,4.2
1431.0,3.4
1432.0,3.5
1433.0,3.3
1434.0,2.4
1435.0,3.5
1436.0,4.0
1437.0,4.5
1438.0,3.5
1439.0,3.9
1440.0,3.4
1441.0,3.6
1442.0,3.3
1443.0,4.2
1444.0,3.7
1445.0,2.9
1446.0,4.5
1447.0,3.2
1448.0,3.8
1449.0,2.8
1450.0,3.0
1451.0,3.9
1452.0,4.2
1453.0,3.6
1454.0,3.9
1455.0,3.8
1456.0,4.0
1457.0,4.0
1458.0,4.0
1459.0,4.0
1460.0,3.0
1461.0,3.3
1462.0,3.5
1463.0,3.6
1464.0,3.7
1465.0,3.7
1466.0,3.6
1467.0,3.5
1468.0,3.5
1469.0,4.1
1470.0,2.7
1471.0,3.8
1472.0,3.6
1473.0,3.0
1474.0,3.8
1475.0,3.9
1476.0,3.8
1477.0,4.1
1478.0,3.9
1479.0,4.1
1480.0,3.4
1481.0,4.4
1482.0,3.2
1483.0,3.1
1484.0,3.6
1485.0,3.9
1486.0,3.6
1487.0,3.2
1488.0,4.1
1489.0,2.4
1490.0,4.1
1491.0,3.2
1492.0,3.2
1493.0,3.8
1494.0,3.8
1495.0,2.6
1496.0,2.9
1497.0,3.9
1498.0,3.8
1499.0,3.9
1500.0,3.9
1501.0,3.7
1502.0,3.4
1503.0,3.5
1504.0,3.6
1505.0,3.7
1506.0,3.8
1507.0,4.2
1508.0,3.3
1509.0,3.0
1510.0,3.6
1511.0,4.1
1512.0,3.2
1513.0,4.1
1514.0,3.8
1515.0,3.8
1516.0,3.1
1517.0,3.6
1518.0,4.5
1519.0,3.5
1520.0,4.0
1521.0,3.3
1522.0,3.6
1523.0,3.7
1524.0,3.7
1525.0,3.7
1526.0,4.2
1527.0,3.2
1528.0,4.1
1529.0,3.8
1530.0,3.9
1531.0,3.5
1532.0,4.1
1533.0,3.8
1534.0,3.6
1535.0,3.9
1536.0,4.2
1537.0,3.8
1538.0,4.0
1539.0,4.4
1540.0,3.8
1541.0,4.4
1542.0,3.7
1543.0,3.5
1544.0,3.7
1545.0,3.1
1546.0,3.8
1547.0,3.9
1548.0,3.6
1549.0,3.6
1550.0,3.9
1551.0,3.9
1552.0,3.7
1553.0,3.7
1554.0,3.8
1555.0,4.4
1556.0,3.2
1557.0,4.0
1558.0,4.1
1559.0,3.6
1560.0,3.5
1561.0,4.0
1562.0,2.9
1563.0,3.8
1564.0,3.1
1565.0,3.7
1566.0,3.5
1567.0,3.9
1568.0,4.0
1569.0,4.6
1570.0,3.5
1571.0,3.9
1572.0,3.2
1573.0,3.7
1574.0,3.6
1575.0,3.9
1576.0,3.9
1577.0,4.1
1578.0,4.2
1579.0,3.4
1580.0,3.5
1581.0,3.2
1582.0,3.6
1583.0,3.7
1584.0,3.3
1585.0,3.6
1586.0,4.4
1587.0,3.3
1588.0,4.2
1589.0,3.8
1590.0,4.0
1591.0,4.3
1592.0,3.6
1593.0,3.0
1594.0,3.7
1595.0,4.0
1596.0,3.6
1597.0,3.6
1598.0,3.5
1599.0,3.3
1600.0,3.4
1601.0,3.9
1602.0,4.1
1603.0,3.8
1604.0,4.2
1605.0,3.3
1606.0,3.8
1607.0,3.2
1608.0,2.1
1609.0,3.4
1610.0,4.0
1611.0,3.6
1612.0,3.7
1613.0,3.4
1614.0,3.4
1615.0,3.0
1616.0,3.1
1617.0,3.1
1618.0,4.2
1619.0,4.0
1620.0,3.9
1621.0,3.1
1622.0,3.7
1623.0,4.2
1624.0,3.0
1625.0,3.4
1626.0,3.4
1627.0,3.0
1628.0,3.7
1629.0,3.5
1630.0,2.3
1631.0,3.8
1632.0,2.8
1633.0,3.0
1634.0,3.6
1635.0,3.8
1636.0,2.8
1637.0,4.0
1638.0,4.2
1639.0,3.7
1640.0,2.5
1641.0,2.7
1642.0,3.5
1643.0,4.3
1644.0,3.1
1645.0,4.1
1646.0,3.1
1647.0,3.2
1648.0,3.4
1649.0,3.8
1650.0,3.6
1651.0,3.2
1652.0,3.4
1653.0,3.9
1654.0,4.4
1655.0,3.8
1656.0,3.5
1657.0,3.9
1658.0,3.4
1659.0,2.8
1660.0,4.0
1661.0,3.9
1662.0,3.6
1663.0,4.1
1664.0,3.4
1665.0,3.7
1666.0,3.3
1667.0,3.4
1668.0,4.0
1669.0,3.7
1670.0,4.7
1671.0,3.9
1672.0,3.7
1673.0,4.4
1674.0,3.7
1675.0,3.2
1676.0,3.5
1677.0,3.6
1678.0,3.5
1679.0,3.9
1680.0,3.6
1681.0,4.1
1682.0,4.4
1683.0,3.5
1684.0,4.0
1685.0,3.6
1686.0,3.5
1687.0,3.5
1688.0,3.6
1689.0,3.6
1690.0,3.5
1691.0,3.5
1692.0,4.5
1693.0,3.7
1694.0,3.7
1695.0,3.7
1696.0,3.6
1697.0,4.2
1698.0,3.9
1699.0,4.3
1700.0,3.5
1701.0,3.6
1702.0,4.5
1703.0,4.1
1704.0,4.2
1705.0,3.7
1706.0,3.8
1707.0,4.3
1708.0,3.9
1709.0,3.7
1710.0,3.7
1711.0,3.6
1712.0,3.5
1713.0,3.3
1714.0,3.5
1715.0,3.5
1716.0,3.5
1717.0,3.8
1718.0,4.5
1719.0,2.8
1720.0,4.0
1721.0,2.4
1722.0,4.2
1723.0,3.7
1724.0,4.1
1725.0,3.8
1726.0,2.4
1727.0,4.0
1728.0,4.2
1729.0,3.1
1730.0,3.5
1731.0,3.4
1732.0,4.5
1733.0,3.5
1734.0,4.3
1735.0,3.2
1736.0,3.2
1737.0,3.4
1738.0,3.7
1739.0,3.8
1740.0,4.0
1741.0,4.0
1742.0,3.6
1743.0,4.0
1744.0,4.1
1745.0,3.7
1746.0,4.4
1747.0,2.1
1748.0,3.5
1749.0,2.9
1750.0,3.0
1751.0,4.4
1752.0,3.8
1753.0,3.9
1754.0,3.0
1755.0,3.6
1756.0,3.2
1757.0,3.7
1758.0,3.9
1759.0,3.7
1760.0,3.8
1761.0,2.2
1762.0,3.9
1763.0,3.8
1764.0,4.1
1765.0,4.0
1766.0,3.2
1767.0,3.6
1768.0,3.5
1769.0,2.8
1770.0,3.3
1771.0,4.3
1772.0,3.4
1773.0,3.8
1774.0,3.3
1775.0,3.7
1776.0,3.3
1777.0,3.9
1778.0,3.5
1779.0,3.3
1780.0,3.0
1781.0,3.4
1782.0,3.6
1783.0,3.6
1784.0,3.0
1785.0,3.1
1786.0,4.0
1787.0,3.3
1788.0,3.8
1789.0,4.2
1790.0,3.9
1791.0,3.6
1792.0,3.9
1793.0,3.4
1794.0,2.4
1795.0,4.3
1796.0,4.0
1797.0,4.2
1798.0,3.6
1799.0,3.5
1800.0,3.6
1801.0,4.0
1802.0,4.0
1803.0,3.4
1804.0,3.4
1805.0,4.1
1806.0,4.2
1807.0,3.6
1808.0,3.4
1809.0,3.1
1810.0,3.8
1811.0,3.9
1812.0,3.8
1813.0,3.5
1814.0,3.6
1815.0,3.8
1816.0,4.1
1817.0,3.0
1818.0,3.7
1819.0,3.7
1820.0,3.7
1821.0,4.0
1822.0,3.9
1823.0,4.0
1824.0,3.4
1825.0,3.5
1826.0,3.6
1827.0,3.6
1828.0,3.4
1829.0,3.3
1830.0,4.1
1831.0,3.5
1832.0,3.9
1833.0,3.3
1834.0,4.1
1835.0,4.1
1836.0,4.2
1837.0,3.5
1838.0,3.1
1839.0,4.0
1840.0,3.9
1841.0,2.7
1842.0,4.1
1843.0,3.7
1844.0,3.6
1845.0,3.2
1846.0,4.0
1847.0,4.3
1848.0,3.8
1849.0,3.7
1850.0,3.8
1851.0,2.7
1852.0,3.5
1853.0,4.1
1854.0,2.8
1855.0,3.1
1856.0,4.7
1857.0,4.3
1858.0,4.0
1859.0,3.6
1860.0,3.3
1861.0,3.3
1862.0,4.4
1863.0,4.5
1864.0,3.3
1865.0,3.6
1866.0,4.1
1867.0,3.0
1868.0,3.6
1869.0,3.9
1870.0,3.8
1871.0,3.7
1872.0,3.8
1873.0,3.5
1874.0,3.6
1875.0,3.6
1876.0,3.5
1877.0,3.1
1878.0,3.7
1879.0,3.9
1880.0,3.3
1881.0,4.3
1882.0,3.8
1883.0,3.3
1884.0,3.9
1885.0,4.2
1886.0,3.9
1887.0,3.4
1888.0,3.6
1889.0,3.3
1890.0,3.5
1891.0,3.5
1892.0,4.3
1893.0,3.8
1894.0,4.2
1895.0,4.0
1896.0,4.1
1897.0,3.7
1898.0,3.9
1899.0,3.8
1900.0,3.7
1901.0,4.2
1902.0,3.6
1903.0,4.0
1904.0,3.3
1905.0,4.1
1906.0,3.7
1907.0,3.8
1908.0,3.2
1909.0,3.5
1910.0,3.6
1911.0,3.5
1912.0,2.5
1913.0,4.3
1914.0,3.7
1915.0,3.6
1916.0,3.9
1917.0,3.9
1918.0,3.0
1919.0,3.6
1920.0,3.4
1921.0,3.3
1922.0,3.5
1923.0,3.3
1924.0,3.2
1925.0,3.6
1926.0,4.1
1927.0,4.0
1928.0,3.8
1929.0,3.6
1930.0,3.2
1931.0,3.6
1932.0,3.7
1933.0,3.5
1934.0,3.1
1935.0,3.5
1936.0,3.7
1937.0,3.2
1938.0,3.1
1939.0,3.8
1940.0,4.7
1941.0,3.1
1942.0,2.9
1943.0,3.6
1944.0,3.9
1945.0,2.8
1946.0,3.9
1947.0,4.0
1948.0,3.1
1949.0,4.2
1950.0,3.5
1951.0,3.0
1952.0,3.5
1953.0,3.8
1954.0,3.9
1955.0,3.5
1956.0,3.1
1957.0,3.9
1958.0,3.3
1959.0,4.5
1960.0,3.9
1961.0,3.6
1962.0,2.7
1963.0,4.2
1964.0,3.6
1965.0,3.1
1966.0,4.4
1967.0,3.5
1968.0,2.8
1969.0,3.8
1970.0,3.6
1971.0,4.3
1972.0,4.4
1973.0,3.8
1974.0,3.8
1975.0,3.8
1976.0,3.9
1977.0,3.6
1978.0,3.5
1979.0,3.1
1980.0,3.5
1981.0,3.0
1982.0,3.4
1983.0,4.1
1984.0,3.6
1985.0,3.6
1986.0,4.6
1987.0,3.6
1988.0,3.5
1989.0,3.3
1990.0,3.9
1991.0,4.3
1992.0,2.9
1993.0,3.8
1994.0,4.1
1995.0,3.9
1996.0,4.0
1997.0,4.1
1998.0,3.9
1999.0,3.8
2000.0,3.8
2001.0,3.6
2002.0,4.1
2003.0,4.3
2004.0,3.7
2005.0,2.7
2006.0,3.8
2007.0,3.9
2008.0,3.9
2009.0,4.0
2010.0,2.5
2011.0,3.8
2012.0,2.8
2013.0,3.9
2014.0,4.3
2015.0,3.1
2016.0,4.0
2017.0,3.9
2018.0,3.9
2019.0,3.6
2020.0,3.5
2021.0,3.9
2022.0,3.8
2023.0,3.9
2024.0,3.4
2025.0,3.7
2026.0,3.5
2027.0,4.0
2028.0,3.7
2029.0,3.2
2030.0,4.0
2031.0,3.6
2032.0,3.7
2033.0,2.6
2034.0,4.2
2035.0,3.6
2036.0,3.9
2037.0,3.5
2038.0,3.8
2039.0,3.6
2040.0,3.4
2041.0,3.5
2042.0,3.1
2043.0,2.6
2044.0,4.1
2045.0,4.0
2046.0,3.6
2047.0,3.6
2048.0,4.1
2049.0,4.1
2050.0,3.9
2051.0,3.4
2052.0,2.9
2053.0,3.4
2054.0,3.4
2055.0,4.2
2056.0,4.1
2057.0,3.9
2058.0,3.3
2059.0,3.5
2060.0,3.1
2061.0,4.3
2062.0,4.1
2063.0,2.9
2064.0,4.0
2065.0,4.5
2066.0,4.1
2067.0,3.6
2068.0,4.0
2069.0,3.9
2070.0,4.4
2071.0,3.4
2072.0,4.0
2073.0,3.7
2074.0,3.5
2075.0,3.3
2076.0,3.5
2077.0,3.2
2078.0,3.7
2079.0,3.5
2080.0,4.3
2081.0,3.1
2082.0,4.3
2083.0,4.3
2084.0,3.9
2085.0,3.7
2086.0,3.7
2087.0,3.6
2088.0,3.9
2089.0,3.7
2090.0,3.8
2091.0,4.1
2092.0,3.6
2093.0,3.5
2094.0,4.1
2095.0,3.4
2096.0,4.2
2097.0,3.3
2098.0,3.2
2099.0,3.5
2100.0,3.7
2101.0,3.3
2102.0,2.6
2103.0,3.9
2104.0,3.1
2105.0,3.2
2106.0,2.2
2107.0,4.1
2108.0,4.4
2109.0,2.9
2110.0,3.2
2111.0,3.8
2112.0,3.5
2113.0,3.8
2114.0,3.7
2115.0,3.9
2116.0,3.6
2117.0,4.3
2118.0,4.5
2119.0,3.5
2120.0,3.5
2121.0,3.7
2122.0,3.6
2123.0,4.1
2124.0,4.3
2125.0,3.9
2126.0,2.8
2127.0,3.2
2128.0,3.8
2129.0,3.3
2130.0,3.4
2131.0,3.4
2132.0,2.6
2133.0,3.2
2134.0,3.6
2135.0,3.7
2136.0,3.9
2137.0,4.1
2138.0,3.8
2139.0,4.1
2140.0,3.8
2141.0,4.2
2142.0,3.5
2143.0,3.1
2144.0,3.3
2145.0,4.1
2146.0,3.3
2147.0,3.6
2148.0,3.9
2149.0,3.8
2150.0,3.6
2151.0,3.2
2152.0,3.7
2153.0,3.9
2154.0,4.0
2155.0,4.7
2156.0,3.4
2157.0,3.5
2158.0,3.9
2159.0,4.5
2160.0,4.0
2161.0,3.6
2162.0,3.9
2163.0,4.1
2164.0,3.7
2165.0,4.1
2166.0,3.7
2167.0,2.5
2168.0,3.9
2169.0,3.8
2170.0,4.2
2171.0,4.4
2172.0,3.1
2173.0,3.8
2174.0,3.6
2175.0,4.1
2176.0,4.2
2177.0,3.6
2178.0,4.3
2179.0,3.3
2180.0,2.8
2181.0,3.3
2182.0,3.7
2183.0,3.7
2184.0,4.2
2185.0,4.3
2186.0,3.4
2187.0,3.7
2188.0,3.1
2189.0,3.6
2190.0,3.9
2191.0,3.2
2192.0,3.8
2193.0,4.0
2194.0,2.9
2195.0,3.4
2196.0,4.0
2197.0,4.1
2198.0,3.6
2199.0,3.1
2200.0,3.1
2201.0,4.4
2202.0,3.3
2203.0,4.1
2204.0,3.5
2205.0,3.1
2206.0,3.7
2207.0,4.2
2208.0,3.5
2209.0,3.4
2210.0,3.7
2211.0,4.0
2212.0,3.2
2213.0,3.6
2214.0,4.2
2215.0,3.3
2216.0,2.9
2217.0,3.2
2218.0,3.9
2219.0,3.7
2220.0,4.0
2221.0,3.6
2222.0,3.5
2223.0,3.1
2224.0,4.2
2225.0,3.3
2226.0,3.7
2227.0,4.0
2228.0,4.0
2229.0,3.5
2230.0,3.2
2231.0,3.7
2232.0,4.1
2233.0,3.3
2234.0,3.9
2235.0,3.9
2236.0,3.7
2237.0,3.9
2238.0,3.8
2239.0,4.1
2240.0,4.3
2241.0,4.2
2242.0,3.7
2243.0,4.7
2244.0,3.4
2245.0,3.1
2246.0,3.7
2247.0,3.9
2248.0,3.7
2249.0,3.9
2250.0,3.1
2251.0,3.7
2252.0,3.5
2253.0,4.1
2254.0,4.0
2255.0,3.7
2256.0,4.0
2257.0,3.5
2258.0,3.4
2259.0,4.5
2260.0,3.6
2261.0,3.4
2262.0,3.7
2263.0,3.7
2264.0,3.6
2265.0,3.6
2266.0,4.0
2267.0,3.5
2268.0,4.3
2269.0,3.4
2270.0,3.4
2271.0,4.1
2272.0,3.9
2273.0,3.8
2274.0,3.8
2275.0,3.9
2276.0,4.3
2277.0,3.4
2278.0,3.4
2279.0,3.6
2280.0,4.1
2281.0,4.1
2282.0,4.0
2283.0,3.7
2284.0,3.9
2285.0,3.6
2286.0,3.6
2287.0,4.4
2288.0,3.0
2289.0,4.1
2290.0,3.3
2291.0,4.0
2292.0,3.1
2293.0,4.3
2294.0,4.1
2295.0,4.4
2296.0,3.3
2297.0,4.0
2298.0,3.3
2299.0,2.9
2300.0,3.9
2301.0,3.9
2302.0,3.6
2303.0,4.2
2304.0,3.7
2305.0,3.1
2306.0,3.6
2307.0,4.4
2308.0,4.3
2309.0,3.5
2310.0,3.9
2311.0,4.0
2312.0,3.6
2313.0,4.4
2314.0,3.1
2315.0,2.9
2316.0,3.9
2317.0,4.2
2318.0,2.7
2319.0,3.8
2320.0,3.3
2321.0,3.8
2322.0,3.7
2323.0,3.7
2324.0,4.0
2325.0,3.4
2326.0,3.9
2327.0,3.3
2328.0,3.3
2329.0,3.4
2330.0,3.0
2331.0,4.2
2332.0,4.1
2333.0,3.7
2334.0,3.7
2335.0,3.7
2336.0,4.0
2337.0,4.2
2338.0,3.9
2339.0,5.0
2340.0,4.4
2341.0,3.3
2342.0,3.8
2343.0,4.2
2344.0,3.4
2345.0,3.7
2346.0,3.7
2347.0,3.9
2348.0,3.2
2349.0,3.1
2350.0,3.9
2351.0,3.5
2352.0,2.7
2353.0,3.6
2354.0,3.6
2355.0,3.6
2356.0,3.6
2357.0,3.9
2358.0,3.9
2359.0,3.6
2360.0,3.6
2361.0,3.6
2362.0,3.7
2363.0,4.6
2364.0,4.1
2365.0,4.2
2366.0,3.4
2367.0,3.8
2368.0,4.2
2369.0,4.4
2370.0,4.1
2371.0,3.7
2372.0,4.4
2373.0,4.1
2374.0,4.1
2375.0,3.7
2376.0,3.4
2377.0,4.0
2378.0,3.1
2379.0,4.2
2380.0,3.4
2381.0,3.2
2382.0,3.7
2383.0,3.5
2384.0,4.1
2385.0,3.8
2386.0,3.6
2387.0,3.8
2388.0,4.0
2389.0,3.8
2390.0,3.9
2391.0,3.7
2392.0,4.0
2393.0,3.9
2394.0,4.0
2395.0,3.7
2396.0,4.1
2397.0,4.0
2398.0,4.1
2399.0,3.8
2400.0,3.3
2401.0,4.4
2402.0,3.3
2403.0,3.5
2404.0,3.9
2405.0,3.9
2406.0,3.9
2407.0,4.1
2408.0,3.8
2409.0,3.9
2410.0,3.6
2411.0,3.5
2412.0,3.8
2413.0,3.3
2414.0,4.2
2415.0,3.7
2416.0,3.7
2417.0,4.4
2418.0,3.1
2419.0,3.3
2420.0,4.2
2421.0,3.8
2422.0,4.1
2423.0,4.0
2424.0,3.3
2425.0,3.6
2426.0,3.9
2427.0,3.9
2428.0,3.7
2429.0,3.9
2430.0,3.4
2431.0,3.5
2432.0,3.9
2433.0,3.6
2434.0,3.6
2435.0,3.8
2436.0,3.6
2437.0,3.6
2438.0,3.6
2439.0,2.9
2440.0,3.4
2441.0,4.1
2442.0,3.9
2443.0,3.4
2444.0,3.3
2445.0,3.5
2446.0,3.9
2447.0,4.2
2448.0,3.9
2449.0,3.8
2450.0,3.3
2451.0,3.1
2452.0,4.1
2453.0,3.5
2454.0,3.4
2455.0,2.7
2456.0,3.2
2457.0,3.2
2458.0,3.5
2459.0,3.7
2460.0,4.1
2461.0,3.7
2462.0,3.5
2463.0,3.2
2464.0,3.8
2465.0,4.3
2466.0,2.9
2467.0,4.4
2468.0,4.2
2469.0,3.7
2470.0,3.3
2471.0,3.2
2472.0,3.6
2473.0,3.8
2474.0,4.2
2475.0,4.1
2476.0,4.2
2477.0,4.5
2478.0,3.6
2479.0,3.8
2480.0,3.9
2481.0,3.9
2482.0,3.5
2483.0,3.9
2484.0,3.4
2485.0,3.7
2486.0,3.8
2487.0,3.7
2488.0,4.2
2489.0,3.4
2490.0,3.5
2491.0,3.0
2492.0,3.8
2493.0,3.5
2494.0,3.0
2495.0,3.5
2496.0,3.0
2497.0,4.5
2498.0,3.2
2499.0,3.6
2500.0,3.6
2501.0,3.9
2502.0,3.9
2503.0,3.0
2504.0,3.6
2505.0,4.1
2506.0,3.4
2507.0,3.9
2508.0,3.6
2509.0,3.3
2510.0,4.5
2511.0,4.2
2512.0,3.9
2513.0,4.1
2514.0,4.4
2515.0,4.1
2516.0,3.8
2517.0,3.3
2518.0,4.0
2519.0,3.9
2520.0,4.1
2521.0,3.9
2522.0,3.7
2523.0,4.0
2524.0,3.4
2525.0,3.5
2526.0,3.9
2527.0,4.1
2528.0,3.2
2529.0,3.7
2530.0,3.9
2531.0,3.8
2532.0,4.1
2533.0,3.9
2534.0,3.5
2535.0,4.0
2536.0,3.2
2537.0,3.0
2538.0,3.9
2539.0,3.8
2540.0,4.0
2541.0,3.3
2542.0,3.9
2543.0,4.5
2544.0,3.7
2545.0,4.1
2546.0,3.3
2547.0,4.1
2548.0,3.9
2549.0,3.1
2550.0,3.7
2551.0,3.3
2552.0,3.6
2553.0,4.1
2554.0,4.0
2555.0,3.6
2556.0,3.5
2557.0,3.6
2558.0,3.6
2559.0,3.8
2560.0,4.1
2561.0,3.8
2562.0,3.9
2563.0,3.0
2564.0,3.8
2565.0,3.7
2566.0,3.4
2567.0,3.5
2568.0,3.4
2569.0,3.5
2570.0,3.8
2571.0,4.1
2572.0,4.2
2573.0,4.0
2574.0,4.6
2575.0,3.7
2576.0,3.1
2577.0,3.2
2578.0,4.1
2579.0,4.2
2580.0,3.7
2581.0,4.1
2582.0,4.0
2583.0,4.3
2584.0,3.7
2585.0,3.7
2586.0,4.1
2587.0,4.0
2588.0,3.8
2589.0,3.5
2590.0,3.2
2591.0,3.8
2592.0,3.6
2593.0,4.5
2594.0,3.1
2595.0,3.4
2596.0,3.8
2597.0,3.9
2598.0,3.7
2599.0,3.6
2600.0,3.0
2601.0,3.8
2602.0,3.3
2603.0,3.9
2604.0,3.9
2605.0,3.9
2606.0,4.2
2607.0,4.2
2608.0,4.0
2609.0,4.3
2610.0,3.1
2611.0,3.3
2612.0,3.1
2613.0,4.1
2614.0,4.1
2615.0,3.5
2616.0,3.6
2617.0,3.6
2618.0,3.2
2619.0,4.2
2620.0,3.5
2621.0,3.0
2622.0,3.9
2623.0,3.8
2624.0,4.1
2625.0,3.4
2626.0,4.0
2627.0,3.2
2628.0,3.3
2629.0,4.0
2630.0,3.6
2631.0,4.3
2632.0,3.6
2633.0,3.8
2634.0,3.9
2635.0,3.4
2636.0,3.8
2637.0,3.4
2638.0,3.1
2639.0,3.9
2640.0,3.8
2641.0,4.1
2642.0,3.9
2643.0,3.4
2644.0,3.9
2645.0,3.4
2646.0,4.1
2647.0,4.3
2648.0,3.9
2649.0,3.1
2650.0,3.7
2651.0,3.3
2652.0,4.0
2653.0,3.6
2654.0,4.1
2655.0,3.1
2656.0,4.1
2657.0,4.0
2658.0,3.9
2659.0,4.1
2660.0,3.7
2661.0,3.6
2662.0,3.7
2663.0,3.7
2664.0,3.4
2665.0,3.1
2666.0,3.9
2667.0,3.4
2668.0,3.4
2669.0,3.7
2670.0,3.6
2671.0,3.2
2672.0,3.6
2673.0,3.8
2674.0,4.1
2675.0,3.3
2676.0,4.2
2677.0,3.7
2678.0,3.9
2679.0,3.8
2680.0,3.3
2681.0,3.6
2682.0,2.7
2683.0,4.4
2684.0,3.5
2685.0,3.6
2686.0,2.8
2687.0,4.3
2688.0,3.5
2689.0,4.4
2690.0,4.2
2691.0,4.5
2692.0,3.8
2693.0,3.9
2694.0,4.5
2695.0,4.0
2696.0,3.3
2697.0,4.4
2698.0,4.0
2699.0,4.2
2700.0,3.4
2701.0,3.2
2702.0,2.4
2703.0,3.7
2704.0,4.0
2705.0,4.1
2706.0,4.1
2707.0,3.5
2708.0,3.1
2709.0,2.8
2710.0,3.2
2711.0,2.5
2712.0,3.9
2713.0,2.7
2714.0,3.5
2715.0,3.3
2716.0,3.8
2717.0,3.8
2718.0,3.9
2719.0,4.1
2720.0,3.1
2721.0,3.8
2722.0,3.4
2723.0,3.4
2724.0,3.8
2725.0,3.6
2726.0,4.6
2727.0,3.4
2728.0,3.4
2729.0,4.5
2730.0,4.0
2731.0,4.3
2732.0,4.1
2733.0,4.4
2734.0,3.9
2735.0,3.4
2736.0,3.7
2737.0,3.5
2738.0,4.4
2739.0,3.4
2740.0,3.7
2741.0,4.0
2742.0,2.9
2743.0,3.6
2744.0,1.3
2745.0,3.9
2746.0,3.9
2747.0,4.3
2748.0,2.7
2749.0,4.0
2750.0,4.3
2751.0,3.4
2752.0,3.3
2753.0,3.8
2754.0,3.8
2755.0,4.4
2756.0,4.0
2757.0,4.0
2758.0,4.0
2759.0,3.5
2760.0,4.1
2761.0,3.5
2762.0,4.0
2763.0,2.8
2764.0,4.2
2765.0,3.6
2766.0,4.1
2767.0,3.3
2768.0,4.0
2769.0,3.8
2770.0,4.1
2771.0,2.9
2772.0,3.7
2773.0,4.1
2774.0,3.9
2775.0,4.4
2776.0,3.8
2777.0,3.5
2778.0,4.2
2779.0,3.9
2780.0,3.7
2781.0,4.3
2782.0,3.7
2783.0,3.9
2784.0,4.1
2785.0,3.1
2786.0,4.0
2787.0,4.0
2788.0,4.4
2789.0,3.8
2790.0,4.2
2791.0,4.6
2792.0,2.9
2793.0,4.1
2794.0,3.8
2795.0,3.6
2796.0,2.5
2797.0,3.0
2798.0,4.1
2799.0,4.1
2800.0,3.5
2801.0,3.2
2802.0,3.6
2803.0,3.8
2804.0,3.9
2805.0,3.9
2806.0,3.3
2807.0,3.4
2808.0,4.1
2809.0,4.3
2810.0,3.5
2811.0,3.7
2812.0,3.6
2813.0,3.0
2814.0,4.0
2815.0,3.7
2816.0,3.8
2817.0,4.2
2818.0,3.6
2819.0,3.9
2820.0,3.0
2821.0,3.6
2822.0,3.7
2823.0,2.9
2824.0,3.9
2825.0,4.0
2826.0,3.6
2827.0,3.2
2828.0,4.0
2829.0,2.9
2830.0,3.4
2831.0,4.2
2832.0,4.0
2833.0,3.3
2834.0,4.2
2835.0,3.9
2836.0,3.4
2837.0,3.3
2838.0,4.5
2839.0,3.3
2840.0,2.9
2841.0,4.2
2842.0,3.6
2843.0,2.8
2844.0,3.3
2845.0,3.9
2846.0,3.3
2847.0,2.7
2848.0,3.3
2849.0,4.5
2850.0,2.8
2851.0,3.6
2852.0,4.1
2853.0,3.5
2854.0,3.1
2855.0,2.9
2856.0,3.5
2857.0,3.2
2858.0,3.9
2859.0,4.2
2860.0,3.9
2861.0,3.4
2862.0,4.0
2863.0,3.6
2864.0,3.3
2865.0,3.7
2866.0,3.4
2867.0,4.2
2868.0,3.6
2869.0,3.7
2870.0,2.9
2871.0,3.6
2872.0,3.7
2873.0,3.6
2874.0,3.9
2875.0,4.3
2876.0,3.7
2877.0,3.5
2878.0,3.6
2879.0,4.0
2880.0,3.4
2881.0,3.8
2882.0,3.3
2883.0,2.7
2884.0,4.2
2885.0,4.1
2886.0,3.9
2887.0,3.5
2888.0,3.5
2889.0,3.8
2890.0,3.5
2891.0,3.4
2892.0,3.7
2893.0,3.9
2894.0,3.9
2895.0,3.7
2896.0,3.6
2897.0,3.6
2898.0,3.9
2899.0,4.0
2900.0,4.0
2901.0,4.3
2902.0,3.9
2903.0,4.1
2904.0,3.9
2905.0,3.7
2906.0,3.4
2907.0,3.3
2908.0,3.8
2909.0,3.8
2910.0,3.6
2911.0,3.6
2912.0,2.6
2913.0,4.0
2914.0,4.5
2915.0,3.8
2916.0,3.7
2917.0,3.5
2918.0,3.6
2919.0,3.8
2920.0,3.5
2921.0,3.3
2922.0,4.5
2923.0,4.0
2924.0,4.0
2925.0,3.8
2926.0,3.3
2927.0,3.8
2928.0,3.8
2929.0,3.9
2930.0,3.5
2931.0,3.6
2932.0,3.9
2933.0,3.8
2934.0,3.3
2935.0,3.4
2936.0,4.3
2937.0,3.5
2938.0,3.9
2939.0,3.8
2940.0,3.5
2941.0,3.5
2942.0,4.5
2943.0,4.4
2944.0,4.2
2945.0,3.8
2946.0,2.8
2947.0,3.7
2948.0,4.0
2949.0,3.8
2950.0,3.1
2951.0,4.2
2952.0,4.2
2953.0,3.2
2954.0,3.9
2955.0,3.2
2956.0,3.5
2957.0,4.5
2958.0,3.0
2959.0,4.0
2960.0,4.0
2961.0,4.0
2962.0,2.9
2963.0,4.0
2964.0,4.5
2965.0,3.6
2966.0,4.1
2967.0,3.5
2968.0,3.8
2969.0,3.7
2970.0,4.3
2971.0,3.8
2972.0,3.5
2973.0,3.4
2974.0,4.3
2975.0,4.2
2976.0,3.6
2977.0,3.2
2978.0,3.8
2979.0,4.0
2980.0,3.6
2981.0,4.3
2982.0,3.6
2983.0,4.4
2984.0,3.7
2985.0,3.5
2986.0,3.4
2987.0,3.6
2988.0,3.2
2989.0,3.7
2990.0,4.0
2991.0,4.0
2992.0,3.3
2993.0,3.8
2994.0,3.3
2995.0,3.8
2996.0,3.1
2997.0,4.0
2998.0,3.5
2999.0,2.9
3000.0,3.3
3001.0,4.0
3002.0,4.2
3003.0,3.9
3004.0,3.9
3005.0,3.8
3006.0,4.2
3007.0,2.9
3008.0,3.8
3009.0,4.0
3010.0,3.4
3011.0,4.3
3012.0,2.5
3013.0,3.5
3014.0,3.6
3015.0,3.4
3016.0,3.8
3017.0,3.3
3018.0,3.7
3019.0,4.1
3020.0,4.0
3021.0,3.2
3022.0,3.0
3023.0,3.5
3024.0,3.6
3025.0,4.1
3026.0,2.8
3027.0,4.2
3028.0,3.7
3029.0,3.9
3030.0,3.8
3031.0,3.9
3032.0,4.3
3033.0,3.6
3034.0,3.9
3035.0,3.8
3036.0,4.5
3037.0,4.2
3038.0,4.0
3039.0,4.4
3040.0,3.6
3041.0,3.5
3042.0,3.8
3043.0,2.8
3044.0,4.0
3045.0,4.3
3046.0,3.3
3047.0,3.6
3048.0,3.9
3049.0,4.3
3050.0,3.7
3051.0,3.3
3052.0,3.2
3053.0,3.2
3054.0,3.5
3055.0,3.5
3056.0,3.7
3057.0,3.5
3058.0,3.7
3059.0,4.0
3060.0,3.6
3061.0,4.1
3062.0,3.3
3063.0,3.7
3064.0,4.2
3065.0,3.8
3066.0,3.9
3067.0,3.8
3068.0,3.8
3069.0,2.9
3070.0,3.9
3071.0,3.1
3072.0,3.4
3073.0,4.5
3074.0,4.3
3075.0,3.6
3076.0,3.8
3077.0,3.8
3078.0,4.1
3079.0,3.9
3080.0,3.9
3081.0,4.0
3082.0,3.4
3083.0,3.8
3084.0,3.7
3085.0,4.2
3086.0,4.2
3087.0,3.9
3088.0,4.0
3089.0,4.3
3090.0,3.6
3091.0,3.8
3092.0,4.0
3093.0,3.8
3094.0,3.7
3095.0,3.9
3096.0,4.1
3097.0,3.6
3098.0,3.4
3099.0,3.3
3100.0,4.2
3101.0,4.1
3102.0,3.4
3103.0,4.1
3104.0,3.9
3105.0,4.0
3106.0,4.2
3107.0,3.6
3108.0,3.7
3109.0,3.5
3110.0,3.6
3111.0,3.2
3112.0,3.4
3113.0,3.7
3114.0,3.3
3115.0,3.4
3116.0,3.6
3117.0,4.3
3118.0,3.5
3119.0,3.4
3120.0,3.6
3121.0,3.5
3122.0,3.1
3123.0,3.6
3124.0,3.4
3125.0,3.7
3126.0,3.8
3127.0,4.1
3128.0,3.5
3129.0,3.3
3130.0,3.6
3131.0,3.4
3132.0,3.5
3133.0,3.3
3134.0,3.6
3135.0,4.1
3136.0,4.1
3137.0,3.4
3138.0,3.3
3139.0,4.1
3140.0,3.9
3141.0,4.1
3142.0,4.1
3143.0,3.4
3144.0,3.7
3145.0,3.7
3146.0,3.8
3147.0,3.5
3148.0,3.7
3149.0,4.1
3150.0,3.9
3151.0,4.1
3152.0,3.0
3153.0,3.6
3154.0,3.8
3155.0,4.0
3156.0,3.4
3157.0,3.6
3158.0,3.9
3159.0,4.0
3160.0,4.0
3161.0,4.1
3162.0,2.9
3163.0,3.9
3164.0,3.5
3165.0,3.7
3166.0,3.9
3167.0,4.0
3168.0,3.3
3169.0,3.8
3170.0,3.9
3171.0,4.2
3172.0,3.6
3173.0,4.2
3174.0,3.6
3175.0,4.1
3176.0,3.4
3177.0,4.2
3178.0,2.8
3179.0,3.2
3180.0,2.9
3181.0,4.4
3182.0,3.1
3183.0,3.4
3184.0,3.8
3185.0,4.0
3186.0,3.8
3187.0,4.3
3188.0,4.2
3189.0,3.2
3190.0,3.9
3191.0,3.1
3192.0,4.3
3193.0,3.1
3194.0,3.7
3195.0,3.5
3196.0,3.2
3197.0,3.3
3198.0,4.1
3199.0,3.5
3200.0,3.8
3201.0,4.1
3202.0,3.5
3203.0,4.0
3204.0,4.4
3205.0,3.4
3206.0,3.6
3207.0,4.1
3208.0,3.3
3209.0,2.1
3210.0,4.5
3211.0,4.1
3212.0,2.9
3213.0,3.7
3214.0,4.2
3215.0,3.2
3216.0,3.3
3217.0,3.9
3218.0,3.5
3219.0,3.7
3220.0,3.8
3221.0,4.3
3222.0,3.7
3223.0,3.6
3224.0,3.8
3225.0,3.7
3226.0,4.3
3227.0,3.7
3228.0,3.8
3229.0,3.4
3230.0,3.9
3231.0,4.1
3232.0,3.1
3233.0,4.1
3234.0,3.9
3235.0,4.1
3236.0,2.9
3237.0,3.9
3238.0,4.5
3239.0,3.6
3240.0,3.4
3241.0,3.7
3242.0,3.6
3243.0,3.8
3244.0,4.1
3245.0,2.6
3246.0,3.3
3247.0,3.9
3248.0,3.5
3249.0,3.7
3250.0,3.2
3251.0,4.5
3252.0,2.9
3253.0,3.9
3254.0,3.5
3255.0,3.6
3256.0,4.1
3257.0,4.3
3258.0,3.9
3259.0,4.0
3260.0,3.9
3261.0,3.2
3262.0,3.4
3263.0,3.9
3264.0,2.8
3265.0,2.8
3266.0,4.4
3267.0,3.9
3268.0,3.9
3269.0,3.9
3270.0,3.7
3271.0,3.8
3272.0,3.8
3273.0,4.1
3274.0,3.2
3275.0,3.5
3276.0,3.1
3277.0,4.1
3278.0,3.9
3279.0,2.7
3280.0,2.8
3281.0,4.0
3282.0,4.5
3283.0,3.6
3284.0,4.3
3285.0,3.4
3286.0,4.3
3287.0,4.6
3288.0,3.6
3289.0,3.8
3290.0,2.7
3291.0,3.8
3292.0,4.0
3293.0,3.3
3294.0,4.1
3295.0,3.8
3296.0,4.4
3297.0,3.2
3298.0,4.4
3299.0,4.1
3300.0,4.0
3301.0,3.7
3302.0,3.5
3303.0,4.4
3304.0,4.2
3305.0,4.3
3306.0,4.7
3307.0,3.6
3308.0,3.2
3309.0,3.6
3310.0,4.1
3311.0,2.8
3312.0,3.0
3313.0,3.6
3314.0,4.0
3315.0,4.0
3316.0,4.0
3317.0,4.0
3318.0,4.2
3319.0,3.4
3320.0,3.1
3321.0,4.0
3322.0,4.3
3323.0,3.8
3324.0,4.9
3325.0,2.5
3326.0,3.9
3327.0,3.5
3328.0,3.5
3329.0,3.5
3330.0,3.8
3331.0,3.6
3332.0,3.1
3333.0,3.5
3334.0,3.9
3335.0,4.1
3336.0,2.7
3337.0,3.7
3338.0,4.0
3339.0,4.0
3340.0,4.0
3341.0,4.0
3342.0,3.3
3343.0,4.1
3344.0,4.4
3345.0,3.5
3346.0,3.8
3347.0,4.4
3348.0,4.0
3349.0,3.7
3350.0,4.3
3351.0,4.0
3352.0,3.5
3353.0,3.9
3354.0,2.9
3355.0,3.9
3356.0,4.4
3357.0,4.1
3358.0,3.8
3359.0,3.5
3360.0,3.5
3361.0,3.8
3362.0,3.6
3363.0,3.5
3364.0,3.6
3365.0,4.2
3366.0,3.7
3367.0,4.3
3368.0,3.6
3369.0,3.9
3370.0,3.4
3371.0,3.4
3372.0,4.3
3373.0,3.5
3374.0,3.9
3375.0,3.7
3376.0,3.4
3377.0,4.0
3378.0,3.6
3379.0,3.7
3380.0,3.8
3381.0,3.5
3382.0,3.4
3383.0,3.6
3384.0,3.6
3385.0,3.3
3386.0,3.7
3387.0,3.4
3388.0,3.7
3389.0,2.8
3390.0,4.2
3391.0,3.7
3392.0,3.8
3393.0,3.5
3394.0,3.9
3395.0,3.7
3396.0,3.8
3397.0,4.1
3398.0,3.6
3399.0,3.5
3400.0,4.1
3401.0,3.0
3402.0,3.8
3403.0,4.1
3404.0,3.8
3405.0,4.1
3406.0,4.0
3407.0,3.5
3408.0,3.8
3409.0,4.2
3410.0,3.2
3411.0,2.7
3412.0,4.2
3413.0,4.1
3414.0,4.1
3415.0,4.0
3416.0,3.6
3417.0,3.9
3418.0,3.8
3419.0,4.0
3420.0,4.4
3421.0,4.3
3422.0,2.7
3423.0,3.9
3424.0,4.2
3425.0,3.5
3426.0,4.0
3427.0,3.8
3428.0,4.0
3429.0,3.6
3430.0,3.4
3431.0,3.8
3432.0,3.3
3433.0,3.0
3434.0,3.6
3435.0,3.8
3436.0,3.8
3437.0,4.5
3438.0,3.5
3439.0,4.1
3440.0,4.3
3441.0,2.9
3442.0,3.4
3443.0,3.9
3444.0,3.1
3445.0,3.9
3446.0,4.5
3447.0,3.9
3448.0,3.6
3449.0,4.2
3450.0,3.6
3451.0,3.9
3452.0,4.5
3453.0,3.4
3454.0,3.5
3455.0,4.0
3456.0,4.4
3457.0,3.5
3458.0,4.0
3459.0,3.8
3460.0,4.2
3461.0,4.7
3462.0,3.3
3463.0,3.9
3464.0,3.6
3465.0,3.8
3466.0,4.2
3467.0,4.1
3468.0,4.0
3469.0,3.9
3470.0,3.7
3471.0,3.2
3472.0,4.0
3473.0,4.0
3474.0,4.4
3475.0,3.0
3476.0,2.6
3477.0,4.0
3478.0,3.4
3479.0,3.6
3480.0,3.8
3481.0,4.0
3482.0,3.8
3483.0,3.8
3484.0,3.0
3485.0,4.2
3486.0,4.1
3487.0,3.5
3488.0,2.8
3489.0,2.9
3490.0,3.9
3491.0,3.8
3492.0,3.9
3493.0,3.6
3494.0,3.6
3495.0,3.3
3496.0,3.8
3497.0,4.2
3498.0,3.8
3499.0,3.5
3500.0,3.7
3501.0,4.2
3502.0,4.4
3503.0,4.1
3504.0,3.5
3505.0,3.6
3506.0,4.3
3507.0,3.3
3508.0,3.7
3509.0,3.0
3510.0,3.7
3511.0,3.9
3512.0,3.6
3513.0,3.4
3514.0,4.0
3515.0,3.9
3516.0,3.3
3517.0,3.9
3518.0,3.8
3519.0,3.0
3520.0,3.7
3521.0,3.8
3522.0,4.0
3523.0,3.8
3524.0,3.6
3525.0,3.5
3526.0,2.8
3527.0,3.6
3528.0,2.6
3529.0,3.0
3530.0,3.8
3531.0,4.2
3532.0,3.9
3533.0,3.6
3534.0,4.1
3535.0,4.0
3536.0,3.8
3537.0,2.5
3538.0,3.8
3539.0,4.0
3540.0,4.1
3541.0,4.2
3542.0,3.2
3543.0,3.6
3544.0,4.3
3545.0,3.4
3546.0,3.4
3547.0,3.5
3548.0,2.5
3549.0,3.9
3550.0,3.5
3551.0,3.9
3552.0,3.2
3553.0,4.1
3554.0,3.7
3555.0,3.1
3556.0,3.9
3557.0,3.9
3558.0,4.3
3559.0,4.4
3560.0,4.5
3561.0,4.0
3562.0,3.4
3563.0,3.8
3564.0,3.2
3565.0,3.2
3566.0,3.8
3567.0,4.0
3568.0,3.9
3569.0,2.9
3570.0,3.2
3571.0,3.4
3572.0,4.2
3573.0,3.4
3574.0,3.6
3575.0,3.3
3576.0,3.3
3577.0,3.7
3578.0,3.4
3579.0,3.3
3580.0,4.0
3581.0,3.2
3582.0,3.6
3583.0,4.2
3584.0,3.1
3585.0,3.7
3586.0,3.4
3587.0,4.3
3588.0,4.1
3589.0,2.5
3590.0,4.2
3591.0,3.7
3592.0,4.4
3593.0,3.4
3594.0,3.4
3595.0,4.0
3596.0,4.7
3597.0,4.0
3598.0,1.0
3599.0,3.5
3600.0,3.7
3601.0,4.1
3602.0,3.7
3603.0,2.8
3604.0,4.6
3605.0,3.9
3606.0,4.1
3607.0,3.4
3608.0,3.8
3609.0,3.2
3610.0,2.3
3611.0,4.0
3612.0,3.7
3613.0,3.9
3614.0,3.3
3615.0,3.4
3616.0,3.9
3617.0,3.6
3618.0,3.0
3619.0,3.7
3620.0,3.0
3621.0,3.1
3622.0,3.9
3623.0,3.7
3624.0,4.0
3625.0,3.3
3626.0,3.6
3627.0,3.6
3628.0,3.5
3629.0,4.2
3630.0,3.3
3631.0,3.9
3632.0,3.4
3633.0,4.0
3634.0,3.1
3635.0,4.2
3636.0,3.7
3637.0,3.0
3638.0,3.5
3639.0,3.0
3640.0,3.9
3641.0,3.6
3642.0,2.6
3643.0,3.5
3644.0,4.0
3645.0,3.9
3646.0,4.1
3647.0,3.8
3648.0,3.0
3649.0,4.3
3650.0,3.6
3651.0,4.0
3652.0,3.4
3653.0,4.2
3654.0,3.3
3655.0,3.8
3656.0,3.0
3657.0,4.2
3658.0,4.0
3659.0,4.2
3660.0,3.7
3661.0,3.9
3662.0,3.0
3663.0,3.5
3664.0,3.0
3665.0,3.9
3666.0,4.1
3667.0,3.9
3668.0,4.0
3669.0,3.2
3670.0,3.6
3671.0,4.2
3672.0,3.3
3673.0,3.9
3674.0,3.7
3675.0,3.5
3676.0,3.6
3677.0,4.0
3678.0,3.2
3679.0,3.6
3680.0,3.9
3681.0,3.9
3682.0,4.5
3683.0,3.1
3684.0,4.3
3685.0,4.1
3686.0,4.4
3687.0,3.1
3688.0,4.5
3689.0,3.0
3690.0,2.9
3691.0,3.7
3692.0,4.0
3693.0,3.5
3694.0,4.0
3695.0,4.0
3696.0,3.9
3697.0,4.0
3698.0,3.0
3699.0,4.6
3700.0,4.0
3701.0,3.8
3702.0,3.8
3703.0,3.3
3704.0,4.4
3705.0,3.7
3706.0,4.1
3707.0,3.8
3708.0,3.9
3709.0,3.3
3710.0,3.8
3711.0,4.2
3712.0,3.6
3713.0,3.7
3714.0,3.1
3715.0,3.8
3716.0,3.6
3717.0,3.8
3718.0,3.6
3719.0,3.8
3720.0,3.5
3721.0,3.7
3722.0,4.0
3723.0,4.3
3724.0,3.5
3725.0,3.7
3726.0,3.5
3727.0,3.2
3728.0,3.9
3729.0,3.8
3730.0,3.6
3731.0,2.8
3732.0,3.4
3733.0,3.8
3734.0,3.1
3735.0,3.6
3736.0,3.6
3737.0,3.9
3738.0,4.5
3739.0,3.5
3740.0,4.3
3741.0,3.6
3742.0,3.7
3743.0,3.6
3744.0,4.1
3745.0,3.3
3746.0,3.8
3747.0,4.0
3748.0,3.7
3749.0,3.7
3750.0,3.4
3751.0,3.4
3752.0,3.4
3753.0,3.8
3754.0,3.7
3755.0,4.5
3756.0,3.9
3757.0,4.3
3758.0,3.1
3759.0,4.0
3760.0,3.8
3761.0,4.2
3762.0,2.5
3763.0,3.9
3764.0,3.9
3765.0,4.0
3766.0,3.0
3767.0,3.2
3768.0,3.4
3769.0,4.3
3770.0,4.0
3771.0,2.7
3772.0,3.9
3773.0,3.4
3774.0,4.0
3775.0,3.8
3776.0,3.9
3777.0,3.6
3778.0,2.7
3779.0,3.6
3780.0,4.2
3781.0,4.5
3782.0,4.1
3783.0,3.9
3784.0,3.8
3785.0,3.2
3786.0,4.0
3787.0,4.0
3788.0,3.8
3789.0,4.2
3790.0,4.3
3791.0,3.4
3792.0,3.6
3793.0,2.8
3794.0,3.1
3795.0,4.1
3796.0,4.0
3797.0,3.5
3798.0,3.6
3799.0,4.0
3800.0,3.5
3801.0,3.8
3802.0,3.2
3803.0,3.6
3804.0,3.6
3805.0,3.8
3806.0,3.0
3807.0,3.3
3808.0,3.0
3809.0,4.4
3810.0,4.4
3811.0,3.8
3812.0,3.5
3813.0,4.4
3814.0,3.5
3815.0,4.3
3816.0,3.9
3817.0,3.5
3818.0,4.1
3819.0,4.0
3820.0,4.4
3821.0,2.9
3822.0,3.4
3823.0,4.0
3824.0,3.0
3825.0,3.0
3826.0,3.9
3827.0,3.7
3828.0,3.9
3829.0,3.0
3830.0,4.1
3831.0,3.4
3832.0,4.1
3833.0,3.7
3834.0,4.3
3835.0,4.5
3836.0,3.4
3837.0,3.8
3838.0,3.2
3839.0,3.3
3840.0,4.1
3841.0,3.3
3842.0,3.7
3843.0,2.7
3844.0,4.1
3845.0,4.1
3846.0,4.0
3847.0,2.7
3848.0,4.2
3849.0,3.1
3850.0,3.9
3851.0,3.1
3852.0,4.4
3853.0,4.2
3854.0,4.0
3855.0,3.7
3856.0,3.9
3857.0,3.9
3858.0,4.3
3859.0,3.4
3860.0,3.6
3861.0,4.0
3862.0,3.9
3863.0,3.8
3864.0,4.5
3865.0,2.8
3866.0,3.6
3867.0,4.0
3868.0,3.4
3869.0,3.0
3870.0,3.8
3871.0,3.3
3872.0,4.5
3873.0,3.7
3874.0,3.9
3875.0,3.7
3876.0,3.6
3877.0,4.4
3878.0,4.0
3879.0,3.3
3880.0,3.5
3881.0,3.6
3882.0,3.7
3883.0,3.2
3884.0,2.8
3885.0,3.7
3886.0,3.7
3887.0,3.3
3888.0,3.7
3889.0,4.3
3890.0,4.2
3891.0,4.2
3892.0,3.4
3893.0,2.6
3894.0,3.8
3895.0,3.3
3896.0,3.1
3897.0,4.1
3898.0,3.7
3899.0,3.6
3900.0,3.6
3901.0,3.5
3902.0,4.9
3903.0,3.3
3904.0,3.9
3905.0,3.9
3906.0,3.7
3907.0,3.6
3908.0,3.7
3909.0,3.4
3910.0,3.6
3911.0,3.6
3912.0,4.5
3913.0,3.7
3914.0,3.6
3915.0,3.7
3916.0,3.9
3917.0,3.7
3918.0,3.3
3919.0,4.1
3920.0,4.1
3921.0,3.9
3922.0,2.8
3923.0,3.8
3924.0,3.9
3925.0,4.0
3926.0,3.9
3927.0,3.9
3928.0,3.2
3929.0,3.0
3930.0,4.3
3931.0,3.5
3932.0,3.9
3933.0,3.9
3934.0,2.6
3935.0,3.4
3936.0,4.4
3937.0,4.3
3938.0,4.2
3939.0,3.7
3940.0,3.7
3941.0,3.0
3942.0,2.7
3943.0,4.2
3944.0,3.5
3945.0,3.4
3946.0,3.7
3947.0,4.1
3948.0,3.4
3949.0,3.8
3950.0,3.3
3951.0,3.6
3952.0,3.9
3953.0,3.6
3954.0,3.4
3955.0,3.4
3956.0,3.9
3957.0,3.9
3958.0,3.6
3959.0,2.6
3960.0,4.2
3961.0,3.5
3962.0,3.5
3963.0,4.0
3964.0,3.9
3965.0,3.8
3966.0,3.7
3967.0,2.7
3968.0,3.7
3969.0,3.5
3970.0,3.3
3971.0,3.5
3972.0,3.5
3973.0,3.7
3974.0,3.8
3975.0,3.7
3976.0,3.6
3977.0,3.9
3978.0,4.4
3979.0,4.1
3980.0,3.0
3981.0,3.6
3982.0,3.6
3983.0,3.4
3984.0,3.7
3985.0,3.6
3986.0,3.9
3987.0,3.2
3988.0,3.7
3989.0,4.0
3990.0,3.9
3991.0,3.5
3992.0,3.8
3993.0,3.1
3994.0,4.0
3995.0,3.6
3996.0,4.1
3997.0,3.5
3998.0,2.8
3999.0,3.1
4000.0,3.8
4001.0,3.4
4002.0,3.8
4003.0,3.8
4004.0,2.7
4005.0,3.8
4006.0,3.6
4007.0,2.9
4008.0,2.8
4009.0,2.9
4010.0,3.6
4011.0,3.5
4012.0,3.5
4013.0,2.9
4014.0,3.7
4015.0,3.6
4016.0,3.0
4017.0,3.5
4018.0,3.7
4019.0,4.0
4020.0,3.4
4021.0,3.8
4022.0,3.1
4023.0,3.1
4024.0,3.2
4025.0,3.9
4026.0,3.4
4027.0,4.4
4028.0,3.5
4029.0,3.9
4030.0,3.5
4031.0,4.1
4032.0,4.3
4033.0,3.8
4034.0,4.3
4035.0,4.0
4036.0,3.4
4037.0,3.8
4038.0,4.0
4039.0,3.9
4040.0,3.0
4041.0,3.3
4042.0,3.4
4043.0,3.6
4044.0,4.2
4045.0,3.5
4046.0,3.6
4047.0,4.3
4048.0,3.8
4049.0,3.3
4050.0,4.3
4051.0,2.9
4052.0,4.2
4053.0,3.5
4054.0,3.7
4055.0,2.9
4056.0,2.3
4057.0,3.5
4058.0,3.4
4059.0,3.1
4060.0,3.9
4061.0,3.2
4062.0,3.4
4063.0,3.9
4064.0,3.1
4065.0,4.2
4066.0,3.2
4067.0,3.0
4068.0,4.2
4069.0,3.9
4070.0,3.6
4071.0,4.0
4072.0,3.7
4073.0,3.8
4074.0,4.0
4075.0,3.8
4076.0,4.0
4077.0,3.9
4078.0,3.4
4079.0,3.8
4080.0,4.2
4081.0,4.0
4082.0,4.0
4083.0,3.0
4084.0,4.3
4085.0,3.6
4086.0,4.5
4087.0,3.0
4088.0,3.3
4089.0,3.8
4090.0,3.8
4091.0,3.5
4092.0,4.2
4093.0,4.3
4094.0,4.2
4095.0,3.8
4096.0,3.3
4097.0,3.7
4098.0,3.9
4099.0,3.7
4100.0,4.1
4101.0,3.6
4102.0,2.8
4103.0,3.5
4104.0,3.5
4105.0,2.7
4106.0,3.0
4107.0,4.0
4108.0,4.3
4109.0,3.5
4110.0,4.3
4111.0,3.6
4112.0,4.0
4113.0,3.5
4114.0,3.8
4115.0,3.8
4116.0,3.8
4117.0,4.1
4118.0,4.1
4119.0,3.5
4120.0,3.4
4121.0,3.9
4122.0,3.5
4123.0,3.3
4124.0,3.4
4125.0,2.8
4126.0,3.5
4127.0,3.8
4128.0,4.0
4129.0,4.0
4130.0,3.7
4131.0,4.0
4132.0,3.9
4133.0,3.1
4134.0,3.6
4135.0,4.2
4136.0,4.5
4137.0,3.9
4138.0,4.0
4139.0,3.7
4140.0,3.2
4141.0,3.9
4142.0,3.0
4143.0,4.5
4144.0,3.3
4145.0,4.1
4146.0,4.1
4147.0,4.3
4148.0,3.8
4149.0,4.0
4150.0,3.3
4151.0,3.7
4152.0,3.7
4153.0,3.7
4154.0,4.4
4155.0,3.6
4156.0,3.8
4157.0,3.3
4158.0,3.8
4159.0,4.0
4160.0,3.3
4161.0,2.5
4162.0,4.1
4163.0,3.4
4164.0,3.6
4165.0,3.7
4166.0,3.9
4167.0,3.7
4168.0,4.4
4169.0,3.6
4170.0,3.8
4171.0,3.5
4172.0,4.5
4173.0,4.0
4174.0,4.1
4175.0,3.9
4176.0,4.6
4177.0,4.3
4178.0,3.8
4179.0,4.5
4180.0,3.4
4181.0,3.1
4182.0,4.2
4183.0,2.9
4184.0,3.2
4185.0,3.4
4186.0,2.8
4187.0,4.5
4188.0,3.2
4189.0,4.6
4190.0,3.3
4191.0,4.0
4192.0,3.0
4193.0,3.6
4194.0,4.1
4195.0,4.3
4196.0,3.6
4197.0,4.3
4198.0,3.8
4199.0,3.9
4200.0,4.0
4201.0,4.3
4202.0,3.7
4203.0,3.9
4204.0,4.4
4205.0,3.5
4206.0,4.3
4207.0,4.2
4208.0,4.1
4209.0,3.6
4210.0,3.7
4211.0,3.0
4212.0,3.7
4213.0,4.1
4214.0,3.9
4215.0,4.0
4216.0,4.1
4217.0,4.0
4218.0,3.6
4219.0,3.8
4220.0,3.5
4221.0,4.1
4222.0,4.0
4223.0,3.3
4224.0,3.9
4225.0,3.7
4226.0,3.8
4227.0,2.7
4228.0,3.7
4229.0,3.6
4230.0,4.0
4231.0,3.4
4232.0,3.8
4233.0,3.8
4234.0,3.9
4235.0,3.8
4236.0,4.1
4237.0,3.9
4238.0,3.4
4239.0,4.1
4240.0,3.9
4241.0,4.1
4242.0,3.8
4243.0,4.1
4244.0,3.5
4245.0,3.6
4246.0,3.8
4247.0,3.1
4248.0,3.8
4249.0,3.2
4250.0,3.9
4251.0,3.6
4252.0,3.3
4253.0,3.4
4254.0,4.4
4255.0,4.1
4256.0,3.9
4257.0,3.3
4258.0,3.7
4259.0,3.7
4260.0,3.1
4261.0,3.2
4262.0,3.7
4263.0,3.7
4264.0,4.2
4265.0,3.9
4266.0,3.2
4267.0,3.4
4268.0,3.3
4269.0,3.8
4270.0,3.5
4271.0,3.0
4272.0,3.5
4273.0,4.7
4274.0,2.9
4275.0,3.8
4276.0,3.8
4277.0,4.1
4278.0,3.9
4279.0,3.4
4280.0,3.5
4281.0,3.6
4282.0,3.6
4283.0,3.8
4284.0,2.7
4285.0,3.8
4286.0,3.6
4287.0,3.7
4288.0,4.1
4289.0,3.9
4290.0,4.1
4291.0,3.5
4292.0,3.2
4293.0,4.4
4294.0,3.2
4295.0,2.2
4296.0,3.7
4297.0,4.3
4298.0,4.3
4299.0,4.1
4300.0,3.3
4301.0,4.2
4302.0,3.9
4303.0,3.7
4304.0,4.2
4305.0,3.7
4306.0,3.6
4307.0,3.7
4308.0,3.2
4309.0,3.8
4310.0,3.9
4311.0,2.9
4312.0,3.3
4313.0,4.1
4314.0,3.8
4315.0,3.9
4316.0,3.5
4317.0,3.6
4318.0,3.8
4319.0,3.9
4320.0,4.3
4321.0,4.0
4322.0,3.4
4323.0,3.6
4324.0,4.3
4325.0,3.0
4326.0,3.6
4327.0,4.1
4328.0,3.7
4329.0,3.5
4330.0,3.6
4331.0,3.7
4332.0,3.5
4333.0,4.0
4334.0,3.6
4335.0,3.4
4336.0,4.0
4337.0,4.1
4338.0,3.4
4339.0,3.6
4340.0,3.8
4341.0,3.6
4342.0,4.3
4343.0,3.2
4344.0,3.3
4345.0,3.5
4346.0,3.6
4347.0,3.6
4348.0,4.1
4349.0,2.0
4350.0,3.8
4351.0,3.9
4352.0,3.5
4353.0,3.6
4354.0,3.6
4355.0,3.5
4356.0,3.6
4357.0,4.2
4358.0,4.0
4359.0,3.6
4360.0,2.6
4361.0,4.2
4362.0,3.0
4363.0,4.3
4364.0,3.2
4365.0,2.5
4366.0,3.5
4367.0,3.5
4368.0,3.7
4369.0,3.7
4370.0,3.7
4371.0,3.6
4372.0,4.0
4373.0,4.1
4374.0,4.3
4375.0,4.1
4376.0,3.8
4377.0,3.6
4378.0,3.2
4379.0,3.1
4380.0,3.7
4381.0,3.4
4382.0,2.9
4383.0,3.4
4384.0,4.0
4385.0,3.3
4386.0,3.6
4387.0,3.1
4388.0,3.8
4389.0,3.3
4390.0,3.1
4391.0,3.7
4392.0,3.4
4393.0,3.9
4394.0,3.5
4395.0,3.3
4396.0,3.7
4397.0,3.4
4398.0,4.2
4399.0,3.2
4400.0,4.2
4401.0,3.7
4402.0,3.7
4403.0,4.0
4404.0,3.1
4405.0,4.5
4406.0,4.0
4407.0,3.3
4408.0,3.8
4409.0,3.7
4410.0,4.0
4411.0,3.9
4412.0,3.4
4413.0,4.0
4414.0,3.2
4415.0,3.6
4416.0,4.0
4417.0,3.7
4418.0,3.9
4419.0,3.3
4420.0,4.0
4421.0,3.3
4422.0,3.5
4423.0,4.2
4424.0,4.4
4425.0,3.2
4426.0,3.6
4427.0,3.6
4428.0,3.6
4429.0,3.8
4430.0,2.6
4431.0,3.5
4432.0,4.0
4433.0,3.8
4434.0,3.7
4435.0,3.5
4436.0,3.6
4437.0,2.8
4438.0,3.5
4439.0,3.2
4440.0,3.8
4441.0,3.1
4442.0,3.3
4443.0,3.1
4444.0,3.7
4445.0,2.8
4446.0,3.2
4447.0,3.1
4448.0,4.2
4449.0,4.1
4450.0,2.8
4451.0,2.9
4452.0,3.7
4453.0,3.1
4454.0,2.6
4455.0,3.7
4456.0,3.9
4457.0,4.3
4458.0,3.3
4459.0,3.7
4460.0,3.4
4461.0,4.4
4462.0,3.2
4463.0,4.0
4464.0,3.4
4465.0,3.5
4466.0,3.8
4467.0,3.4
4468.0,4.1
4469.0,4.0
4470.0,4.1
4471.0,3.6
4472.0,3.4
4473.0,3.4
4474.0,4.1
4475.0,3.9
4476.0,3.6
4477.0,3.4
4478.0,3.3
4479.0,3.8
4480.0,3.2
4481.0,3.3
4482.0,3.8
4483.0,3.2
4484.0,4.1
4485.0,3.3
4486.0,1.1
4487.0,3.6
4488.0,2.8
4489.0,4.0
4490.0,3.5
4491.0,3.8
4492.0,3.9
4493.0,2.3
4494.0,4.2
4495.0,4.1
4496.0,3.8
4497.0,3.8
4498.0,3.1
4499.0,4.0
4500.0,3.0
4501.0,4.0
4502.0,3.9
4503.0,4.2
4504.0,4.1
4505.0,4.2
4506.0,4.0
4507.0,4.4
4508.0,3.1
4509.0,3.9
4510.0,2.8
4511.0,4.2
4512.0,3.9
4513.0,3.8
4514.0,3.4
4515.0,4.4
4516.0,4.4
4517.0,3.1
4518.0,4.5
4519.0,3.7
4520.0,3.8
4521.0,3.8
4522.0,3.4
4523.0,3.5
4524.0,3.3
4525.0,4.0
4526.0,3.6
4527.0,3.8
4528.0,3.3
4529.0,3.9
4530.0,3.6
4531.0,3.4
4532.0,4.0
4533.0,3.8
4534.0,3.7
4535.0,4.0
4536.0,4.2
4537.0,3.8
4538.0,3.0
4539.0,1.8
4540.0,3.7
4541.0,2.6
4542.0,3.8
4543.0,3.3
4544.0,3.9
4545.0,4.0
4546.0,4.2
4547.0,2.8
4548.0,3.0
4549.0,3.3
4550.0,3.5
4551.0,4.0
4552.0,3.6
4553.0,3.3
4554.0,3.5
4555.0,3.3
4556.0,3.4
4557.0,3.6
4558.0,4.2
4559.0,4.3
4560.0,3.6
4561.0,3.8
4562.0,3.6
4563.0,4.3
4564.0,4.0
4565.0,4.0
4566.0,3.6
4567.0,4.1
4568.0,3.6
4569.0,3.7
4570.0,3.4
4571.0,3.9
4572.0,3.9
4573.0,3.7
4574.0,3.7
4575.0,2.1
4576.0,4.0
4577.0,3.3
4578.0,3.7
4579.0,3.7
4580.0,3.9
4581.0,3.7
4582.0,4.2
4583.0,3.7
4584.0,4.6
4585.0,3.8
4586.0,4.1
4587.0,2.8
4588.0,4.0
4589.0,4.6
4590.0,3.8
4591.0,3.3
4592.0,3.4
4593.0,3.4
4594.0,4.1
4595.0,4.6
4596.0,3.3
4597.0,3.4
4598.0,3.8
4599.0,4.1
4600.0,3.6
4601.0,3.6
4602.0,3.5
4603.0,3.7
4604.0,3.1
4605.0,3.2
4606.0,3.5
4607.0,3.9
4608.0,3.7
4609.0,3.0
4610.0,3.2
4611.0,3.3
4612.0,3.6
4613.0,4.0
4614.0,4.0
4615.0,3.5
4616.0,4.0
4617.0,3.2
4618.0,3.5
4619.0,3.4
4620.0,3.8
4621.0,3.5
4622.0,3.5
4623.0,4.0
4624.0,4.0
4625.0,3.4
4626.0,3.6
4627.0,3.9
4628.0,3.6
4629.0,3.4
4630.0,3.8
4631.0,3.6
4632.0,3.9
4633.0,4.0
4634.0,4.8
4635.0,3.8
4636.0,2.0
4637.0,3.6
4638.0,2.9
4639.0,4.3
4640.0,2.7
4641.0,4.0
4642.0,3.7
4643.0,3.0
4644.0,3.4
4645.0,4.2
4646.0,3.1
4647.0,3.5
4648.0,3.8
4649.0,4.8
4650.0,3.0
4651.0,3.5
4652.0,4.3
4653.0,3.4
4654.0,4.1
4655.0,3.7
4656.0,3.9
4657.0,4.0
4658.0,2.4
4659.0,4.1
4660.0,4.0
4661.0,4.0
4662.0,2.9
4663.0,3.3
4664.0,4.2
4665.0,4.1
4666.0,3.5
4667.0,4.4
4668.0,4.3
4669.0,3.7
4670.0,3.4
4671.0,3.9
4672.0,3.6
4673.0,3.8
4674.0,4.1
4675.0,3.8
4676.0,3.6
4677.0,4.2
4678.0,3.6
4679.0,3.3
4680.0,3.7
4681.0,3.8
4682.0,3.5
4683.0,2.7
4684.0,3.7
4685.0,3.1
4686.0,4.4
4687.0,4.2
4688.0,3.8
4689.0,3.9
4690.0,3.8
4691.0,3.4
4692.0,3.5
4693.0,4.0
4694.0,4.2
4695.0,3.2
4696.0,3.9
4697.0,4.2
4698.0,3.7
4699.0,3.2
4700.0,3.3
4701.0,4.4
4702.0,4.1
4703.0,3.7
4704.0,2.4
4705.0,4.0
4706.0,3.4
4707.0,3.3
4708.0,3.8
4709.0,3.6
4710.0,4.0
4711.0,3.8
4712.0,2.9
4713.0,3.3
4714.0,3.7
4715.0,3.6
4716.0,4.3
4717.0,4.0
4718.0,4.1
4719.0,4.2
4720.0,4.2
4721.0,4.0
4722.0,3.9
4723.0,4.3
4724.0,4.1
4725.0,3.2
4726.0,3.6
4727.0,3.8
4728.0,3.5
4729.0,3.8
4730.0,3.9
4731.0,4.1
4732.0,3.7
4733.0,3.9
4734.0,4.1
4735.0,4.0
4736.0,3.3
4737.0,4.3
4738.0,3.5
4739.0,3.8
4740.0,4.0
4741.0,4.4
4742.0,3.4
4743.0,4.1
4744.0,4.1
4745.0,3.9
4746.0,3.5
4747.0,3.5
4748.0,4.2
4749.0,3.6
4750.0,4.0
4751.0,4.0
4752.0,4.2
4753.0,3.6
4754.0,3.7
4755.0,4.8
4756.0,3.7
4757.0,4.2
4758.0,3.8
4759.0,3.9
4760.0,3.8
4761.0,3.5
4762.0,4.1
4763.0,3.9
4764.0,4.1
4765.0,4.1
4766.0,3.5
4767.0,3.6
4768.0,4.2
4769.0,3.4
4770.0,3.7
4771.0,3.8
4772.0,4.1
4773.0,4.1
4774.0,4.3
4775.0,3.4
4776.0,4.4
4777.0,4.0
4778.0,4.2
4779.0,4.2
4780.0,4.2
4781.0,4.0
4782.0,3.7
4783.0,3.7
4784.0,4.0
4785.0,4.0
4786.0,3.8
4787.0,3.1
4788.0,3.4
4789.0,3.5
4790.0,3.4
4791.0,3.2
4792.0,3.8
4793.0,3.2
4794.0,4.3
4795.0,4.1
4796.0,3.6
4797.0,4.0
4798.0,3.4
4799.0,3.7
4800.0,3.3
4801.0,4.7
4802.0,4.1
4803.0,3.8
4804.0,2.5
4805.0,3.7
4806.0,4.0
4807.0,3.6
4808.0,3.3
4809.0,4.0
4810.0,3.2
4811.0,4.1
4812.0,3.3
4813.0,4.2
4814.0,3.5
4815.0,4.4
4816.0,4.2
4817.0,4.4
4818.0,4.0
4819.0,3.8
4820.0,3.4
4821.0,3.4
4822.0,3.4
4823.0,3.3
4824.0,3.8
4825.0,3.9
4826.0,3.8
4827.0,3.4
4828.0,3.6
4829.0,3.8
4830.0,3.5
4831.0,4.1
4832.0,3.8
4833.0,4.0
4834.0,3.6
4835.0,3.7
4836.0,3.5
4837.0,3.3
4838.0,3.8
4839.0,3.0
4840.0,3.7
4841.0,3.6
4842.0,4.0
4843.0,4.1
4844.0,4.0
4845.0,3.9
4846.0,3.5
4847.0,4.0
4848.0,3.9
4849.0,4.0
4850.0,4.0
4851.0,3.7
4852.0,3.8
4853.0,4.1
4854.0,3.8
4855.0,3.0
4856.0,3.7
4857.0,3.3
4858.0,4.0
4859.0,4.2
4860.0,3.9
4861.0,3.8
4862.0,3.5
4863.0,3.6
4864.0,4.2
4865.0,3.4
4866.0,4.0
4867.0,3.8
4868.0,3.7
4869.0,3.3
4870.0,3.7
4871.0,4.0
4872.0,3.5
4873.0,4.2
4874.0,4.4
4875.0,3.9
4876.0,4.1
4877.0,3.7
4878.0,3.6
4879.0,3.5
4880.0,3.8
4881.0,4.0
4882.0,4.0
4883.0,2.8
4884.0,3.9
4885.0,4.5
4886.0,4.0
4887.0,3.4
4888.0,4.3
4889.0,4.3
4890.0,3.4
4891.0,3.8
4892.0,3.2
4893.0,3.9
4894.0,3.9
4895.0,4.1
4896.0,3.1
4897.0,3.4
4898.0,4.2
4899.0,3.7
4900.0,4.1
4901.0,3.8
4902.0,3.5
4903.0,4.0
4904.0,4.6
4905.0,3.4
4906.0,3.9
4907.0,3.4
4908.0,4.0
4909.0,3.8
4910.0,3.6
4911.0,3.4
4912.0,4.0
4913.0,3.8
4914.0,3.8
4915.0,3.6
4916.0,2.1
4917.0,3.5
4918.0,3.4
4919.0,4.1
4920.0,4.1
4921.0,4.2
4922.0,3.8
4923.0,3.8
4924.0,4.0
4925.0,4.8
4926.0,3.5
4927.0,4.0
4928.0,3.3
4929.0,4.2
4930.0,4.0
4931.0,4.2
4932.0,3.8
4933.0,3.6
4934.0,3.2
4935.0,3.5
4936.0,4.0
4937.0,4.1
4938.0,3.6
4939.0,3.7
4940.0,3.9
4941.0,3.4
4942.0,3.6
4943.0,4.0
4944.0,4.4
4945.0,3.8
4946.0,3.8
4947.0,4.2
4948.0,3.2
4949.0,4.1
4950.0,3.6
4951.0,3.7
4952.0,3.7
4953.0,3.8
4954.0,3.2
4955.0,4.1
4956.0,3.8
4957.0,3.2
4958.0,3.4
4959.0,4.2
4960.0,4.2
4961.0,3.3
4962.0,3.8
4963.0,3.6
4964.0,3.5
4965.0,3.1
4966.0,3.8
4967.0,3.9
4968.0,4.4
4969.0,3.2
4970.0,3.6
4971.0,4.1
4972.0,3.4
4973.0,3.6
4974.0,3.1
4975.0,3.8
4976.0,3.4
4977.0,3.1
4978.0,3.7
4979.0,3.0
4980.0,3.6
4981.0,4.1
4982.0,4.6
4983.0,3.9
4984.0,3.3
4985.0,3.8
4986.0,4.4
4987.0,3.5
4988.0,3.8
4989.0,3.9
4990.0,4.3
4991.0,3.5
4992.0,3.9
4993.0,3.9
4994.0,4.3
4995.0,3.5
4996.0,4.0
4997.0,3.2
4998.0,4.1
4999.0,4.0
5000.0,4.3
5001.0,4.1
5002.0,3.4
5003.0,4.5
5004.0,3.8
5005.0,3.4
5006.0,4.4
5007.0,4.4
5008.0,4.2
5009.0,4.1
5010.0,4.1
5011.0,3.9
5012.0,3.4
5013.0,3.9
5014.0,3.3
5015.0,4.0
5016.0,3.0
5017.0,4.1
5018.0,4.0
5019.0,3.3
5020.0,3.8
5021.0,3.4
5022.0,4.3
5023.0,3.3
5024.0,3.9
5025.0,4.2
5026.0,2.9
5027.0,3.5
5028.0,3.7
5029.0,3.5
5030.0,3.8
5031.0,4.1
5032.0,3.9
5033.0,4.4
5034.0,4.0
5035.0,3.8
5036.0,3.0
5037.0,4.0
5038.0,3.6
5039.0,2.2
5040.0,3.8
5041.0,4.2
5042.0,3.5
5043.0,4.2
5044.0,4.1
5045.0,3.2
5046.0,3.6
5047.0,3.5
5048.0,4.4
5049.0,4.0
5050.0,4.0
5051.0,3.7
5052.0,4.2
5053.0,3.8
5054.0,3.3
5055.0,3.7
5056.0,4.5
5057.0,3.6
5058.0,4.3
5059.0,3.6
5060.0,4.0
5061.0,3.6
5062.0,4.2
5063.0,3.8
5064.0,4.1
5065.0,3.7
5066.0,4.1
5067.0,4.1
5068.0,4.1
5069.0,4.8
5070.0,3.5
5071.0,4.1
5072.0,4.3
5073.0,4.5
5074.0,3.4
5075.0,4.3
5076.0,3.4
5077.0,3.6
5078.0,4.0
5079.0,3.4
5080.0,4.0
5081.0,3.8
5082.0,3.8
5083.0,3.6
5084.0,2.8
5085.0,4.4
5086.0,4.0
5087.0,3.5
5088.0,4.2
5089.0,3.9
5090.0,4.2
5091.0,3.8
5092.0,4.1
5093.0,3.8
5094.0,4.4
5095.0,4.5
5096.0,3.4
5097.0,4.0
5098.0,3.2
5099.0,3.9
5100.0,4.2
5101.0,2.5
5102.0,4.5
5103.0,4.3
5104.0,4.2
5105.0,3.1
5106.0,3.9
5107.0,3.2
5108.0,3.4
5109.0,3.7
5110.0,4.3
5111.0,3.6
5112.0,3.1
5113.0,2.5
5114.0,3.8
5115.0,4.4
5116.0,4.3
5117.0,3.1
5118.0,3.0
5119.0,3.9
5120.0,3.8
5121.0,3.5
5122.0,4.5
5123.0,3.3
5124.0,3.5
5125.0,4.2
5126.0,4.0
5127.0,3.2
5128.0,3.9
5129.0,3.8
5130.0,4.4
5131.0,3.4
5132.0,4.3
5133.0,3.1
5134.0,3.7
5135.0,3.9
5136.0,3.7
5137.0,4.1
5138.0,3.3
5139.0,3.5
5140.0,3.4
5141.0,4.0
5142.0,3.6
5143.0,4.0
5144.0,3.8
5145.0,3.2
5146.0,3.4
5147.0,3.6
5148.0,3.9
5149.0,4.0
5150.0,3.7
5151.0,2.8
5152.0,3.1
5153.0,3.2
5154.0,4.2
5155.0,2.9
5156.0,4.2
5157.0,4.2
5158.0,3.9
5159.0,3.0
5160.0,4.1
5161.0,3.1
5162.0,3.5
5163.0,3.8
5164.0,4.3
5165.0,4.5
5166.0,4.2
5167.0,4.1
5168.0,4.5
5169.0,3.7
5170.0,4.2
5171.0,3.9
5172.0,3.5
5173.0,3.5
5174.0,4.0
5175.0,3.9
5176.0,3.6
5177.0,3.5
5178.0,3.6
5179.0,3.6
5180.0,4.2
5181.0,4.0
5182.0,3.8
5183.0,3.6
5184.0,3.9
5185.0,3.3
5186.0,3.7
5187.0,3.5
5188.0,3.9
5189.0,3.6
5190.0,3.9
5191.0,3.7
5192.0,3.7
5193.0,3.7
5194.0,3.4
5195.0,4.2
5196.0,3.1
5197.0,3.5
5198.0,3.0
5199.0,3.5
5200.0,4.0
5201.0,3.4
5202.0,3.4
5203.0,4.0
5204.0,4.1
5205.0,3.4
5206.0,4.0
5207.0,3.9
5208.0,4.1
5209.0,3.9
5210.0,3.8
5211.0,3.7
5212.0,4.5
5213.0,3.3
5214.0,2.4
5215.0,4.4
5216.0,3.3
5217.0,3.3
5218.0,4.2
5219.0,3.9
5220.0,3.4
5221.0,4.2
5222.0,3.2
5223.0,3.3
5224.0,2.9
5225.0,3.6
5226.0,3.8
5227.0,3.2
5228.0,3.8
5229.0,4.1
5230.0,3.7
5231.0,3.9
5232.0,3.4
5233.0,3.9
5234.0,3.8
5235.0,4.1
5236.0,3.6
5237.0,3.4
5238.0,3.5
5239.0,3.8
5240.0,4.1
5241.0,3.5
5242.0,3.1
5243.0,3.3
5244.0,3.8
5245.0,3.9
5246.0,3.8
5247.0,3.0
5248.0,3.5
5249.0,3.3
5250.0,3.5
5251.0,3.6
5252.0,4.2
5253.0,3.8
5254.0,3.6
5255.0,4.6
5256.0,3.3
5257.0,4.1
5258.0,4.0
5259.0,4.1
5260.0,3.5
5261.0,3.3
5262.0,2.9
5263.0,3.6
5264.0,3.7
5265.0,3.9
5266.0,4.1
5267.0,3.6
5268.0,3.1
5269.0,3.3
5270.0,3.8
5271.0,3.6
5272.0,3.0
5273.0,4.0
5274.0,3.4
5275.0,4.1
5276.0,3.5
5277.0,3.4
5278.0,3.6
5279.0,3.7
5280.0,3.6
5281.0,3.9
5282.0,3.2
5283.0,3.5
5284.0,3.8
5285.0,3.8
5286.0,3.9
5287.0,3.6
5288.0,3.7
5289.0,3.9
5290.0,4.1
5291.0,4.3
5292.0,3.5
5293.0,3.8
5294.0,4.0
5295.0,3.6
5296.0,4.2
5297.0,4.1
5298.0,3.1
5299.0,2.8
5300.0,4.2
5301.0,3.4
5302.0,3.5
5303.0,4.0
5304.0,3.5
5305.0,3.9
5306.0,3.3
5307.0,3.7
5308.0,3.5
5309.0,3.9
5310.0,4.0
5311.0,3.3
5312.0,3.9
5313.0,4.1
5314.0,3.6
5315.0,4.0
5316.0,3.9
5317.0,4.0
5318.0,3.6
5319.0,3.8
5320.0,2.7
5321.0,3.1
5322.0,3.9
5323.0,3.7
5324.0,3.9
5325.0,3.4
5326.0,2.4
5327.0,3.8
5328.0,3.6
5329.0,4.1
5330.0,3.3
5331.0,3.3
5332.0,4.4
5333.0,3.6
5334.0,1.9
5335.0,4.0
5336.0,4.4
5337.0,4.2
5338.0,3.8
5339.0,3.8
5340.0,3.6
5341.0,3.7
5342.0,3.8
5343.0,4.6
5344.0,3.6
5345.0,3.6
5346.0,3.9
5347.0,3.1
5348.0,3.4
5349.0,4.1
5350.0,2.9
5351.0,3.9
5352.0,3.7
5353.0,3.8
5354.0,3.7
5355.0,3.6
5356.0,3.5
5357.0,3.9
5358.0,4.0
5359.0,3.7
5360.0,3.4
5361.0,3.6
5362.0,3.1
5363.0,4.3
5364.0,3.9
5365.0,3.8
5366.0,3.5
5367.0,2.7
5368.0,3.2
5369.0,3.7
5370.0,2.6
5371.0,4.1
5372.0,4.0
5373.0,4.0
5374.0,3.7
5375.0,4.5
5376.0,3.7
5377.0,3.7
5378.0,3.7
5379.0,3.8
5380.0,3.0
5381.0,4.0
5382.0,3.9
5383.0,4.0
5384.0,4.4
5385.0,4.0
5386.0,3.8
5387.0,3.5
5388.0,4.0
5389.0,3.4
5390.0,3.9
5391.0,3.4
5392.0,4.1
5393.0,3.2
5394.0,3.4
5395.0,3.7
5396.0,4.1
5397.0,3.3
5398.0,4.0
5399.0,4.0
5400.0,3.7
5401.0,4.1
5402.0,3.6
5403.0,3.5
5404.0,3.8
5405.0,3.6
5406.0,3.4
5407.0,4.2
5408.0,4.1
5409.0,3.2
5410.0,3.5
5411.0,2.8
5412.0,3.9
5413.0,4.2
5414.0,3.8
5415.0,3.5
5416.0,4.2
5417.0,3.2
5418.0,3.6
5419.0,3.8
5420.0,2.7
5421.0,3.9
5422.0,3.7
5423.0,4.0
5424.0,3.8
5425.0,3.8
5426.0,3.4
5427.0,4.6
5428.0,4.0
5429.0,3.9
5430.0,3.8
5431.0,4.0
5432.0,4.0
5433.0,3.0
5434.0,4.0
5435.0,4.2
5436.0,3.6
5437.0,3.7
5438.0,3.5
5439.0,3.6
5440.0,4.3
5441.0,3.8
5442.0,4.0
5443.0,4.1
5444.0,3.0
5445.0,3.8
5446.0,4.4
5447.0,4.3
5448.0,3.4
5449.0,4.1
5450.0,3.4
5451.0,4.2
5452.0,3.3
5453.0,3.6
5454.0,4.2
5455.0,3.6
5456.0,3.6
5457.0,3.6
5458.0,3.7
5459.0,4.0
5460.0,4.4
5461.0,4.1
5462.0,3.9
5463.0,3.9
5464.0,4.2
5465.0,3.3
5466.0,4.1
5467.0,3.6
5468.0,3.6
5469.0,4.2
5470.0,4.0
5471.0,3.8
5472.0,2.9
5473.0,4.0
5474.0,3.6
5475.0,4.0
5476.0,4.2
5477.0,3.6
5478.0,3.7
5479.0,3.6
5480.0,3.4
5481.0,3.4
5482.0,3.9
5483.0,3.9
5484.0,4.4
5485.0,3.8
5486.0,4.1
5487.0,4.3
5488.0,3.4
5489.0,4.1
5490.0,3.3
5491.0,3.7
5492.0,3.0
5493.0,3.3
5494.0,4.0
5495.0,3.8
5496.0,3.7
5497.0,4.0
5498.0,3.8
5499.0,4.6
5500.0,3.9
5501.0,3.2
5502.0,3.7
5503.0,3.9
5504.0,4.2
5505.0,4.0
5506.0,3.7
5507.0,3.2
5508.0,3.7
5509.0,3.4
5510.0,4.0
5511.0,4.1
5512.0,4.1
5513.0,4.3
5514.0,4.0
5515.0,3.5
5516.0,4.1
5517.0,4.1
5518.0,3.8
5519.0,3.3
5520.0,3.9
5521.0,4.1
5522.0,3.9
5523.0,3.8
5524.0,3.7
5525.0,4.0
5526.0,3.7
5527.0,3.4
5528.0,4.4
5529.0,4.3
5530.0,3.0
5531.0,3.9
5532.0,3.4
5533.0,4.0
5534.0,4.2
5535.0,3.6
5536.0,2.9
5537.0,4.4
5538.0,3.9
5539.0,3.8
5540.0,3.8
5541.0,4.1
5542.0,4.7
5543.0,3.6
5544.0,3.6
5545.0,4.3
5546.0,3.5
5547.0,3.6
5548.0,3.5
5549.0,3.5
5550.0,3.6
5551.0,3.1
5552.0,3.1
5553.0,3.6
5554.0,3.7
5555.0,3.1
5556.0,3.3
5557.0,4.2
5558.0,2.4
5559.0,4.2
5560.0,4.2
5561.0,2.9
5562.0,3.5
5563.0,3.6
5564.0,3.2
5565.0,4.0
5566.0,3.9
5567.0,3.4
5568.0,4.0
5569.0,3.4
5570.0,3.9
5571.0,3.5
5572.0,3.8
5573.0,3.8
5574.0,3.7
5575.0,3.0
5576.0,3.9
5577.0,3.3
5578.0,4.0
5579.0,4.2
5580.0,3.9
5581.0,4.3
5582.0,4.6
5583.0,3.9
5584.0,3.6
5585.0,3.8
5586.0,4.1
5587.0,3.9
5588.0,3.8
5589.0,4.4
5590.0,3.6
5591.0,4.3
5592.0,4.0
5593.0,4.3
5594.0,4.1
5595.0,3.1
5596.0,4.1
5597.0,3.2
5598.0,3.9
5599.0,3.4
5600.0,3.9
5601.0,3.4
5602.0,4.0
5603.0,2.3
5604.0,3.5
5605.0,3.0
5606.0,3.8
5607.0,3.5
5608.0,3.8
5609.0,4.7
5610.0,4.2
5611.0,4.3
5612.0,3.0
5613.0,3.6
5614.0,3.8
5615.0,3.5
5616.0,3.9
5617.0,3.5
5618.0,3.9
5619.0,3.7
5620.0,3.4
5621.0,3.0
5622.0,4.1
5623.0,3.9
5624.0,3.4
5625.0,3.9
5626.0,4.4
5627.0,3.0
5628.0,3.4
5629.0,4.5
5630.0,4.2
5631.0,4.2
5632.0,3.6
5633.0,3.8
5634.0,3.7
5635.0,3.6
5636.0,3.2
5637.0,3.9
5638.0,3.5
5639.0,4.0
5640.0,3.4
5641.0,3.2
5642.0,3.5
5643.0,3.2
5644.0,4.0
5645.0,4.3
5646.0,3.8
5647.0,3.7
5648.0,3.6
5649.0,3.6
5650.0,2.9
5651.0,3.9
5652.0,3.4
5653.0,3.9
5654.0,3.8
5655.0,3.8
5656.0,3.0
5657.0,4.1
5658.0,4.1
5659.0,3.5
5660.0,3.8
5661.0,3.9
5662.0,3.9
5663.0,3.6
5664.0,4.0
5665.0,4.1
5666.0,3.7
5667.0,3.9
5668.0,4.1
5669.0,3.1
5670.0,4.2
5671.0,4.5
5672.0,3.4
5673.0,3.8
5674.0,4.1
5675.0,3.8
5676.0,2.8
5677.0,3.5
5678.0,3.8
5679.0,4.4
5680.0,4.0
5681.0,3.6
5682.0,3.7
5683.0,3.7
5684.0,3.4
5685.0,3.6
5686.0,2.0
5687.0,3.7
5688.0,3.5
5689.0,3.6
5690.0,4.5
5691.0,4.1
5692.0,4.0
5693.0,3.5
5694.0,4.2
5695.0,3.2
5696.0,4.5
5697.0,3.7
5698.0,3.6
5699.0,3.1
5700.0,3.9
5701.0,3.9
5702.0,3.9
5703.0,4.0
5704.0,4.3
5705.0,3.7
5706.0,3.9
5707.0,4.3
5708.0,3.1
5709.0,3.8
5710.0,3.5
5711.0,3.5
5712.0,3.6
5713.0,3.5
5714.0,3.7
5715.0,3.7
5716.0,3.9
5717.0,3.7
5718.0,4.1
5719.0,3.1
5720.0,2.8
5721.0,3.8
5722.0,3.6
5723.0,3.4
5724.0,4.1
5725.0,3.5
5726.0,3.8
5727.0,3.2
5728.0,3.5
5729.0,4.2
5730.0,3.2
5731.0,4.2
5732.0,3.7
5733.0,4.1
5734.0,3.9
5735.0,4.0
5736.0,4.3
5737.0,3.5
5738.0,3.2
5739.0,4.1
5740.0,2.5
5741.0,3.1
5742.0,4.1
5743.0,4.4
5744.0,3.9
5745.0,3.7
5746.0,3.6
5747.0,3.2
5748.0,4.0
5749.0,3.6
5750.0,3.5
5751.0,3.6
5752.0,3.8
5753.0,4.2
5754.0,3.1
5755.0,3.6
5756.0,3.8
5757.0,4.1
5758.0,4.0
5759.0,3.6
5760.0,3.5
5761.0,3.2
5762.0,3.9
5763.0,3.5
5764.0,4.1
5765.0,3.4
5766.0,3.7
5767.0,3.7
5768.0,4.7
5769.0,3.9
5770.0,4.3
5771.0,3.4
5772.0,2.9
5773.0,3.5
5774.0,3.6
5775.0,3.7
5776.0,3.7
5777.0,4.0
5778.0,4.2
5779.0,3.4
5780.0,3.7
5781.0,3.5
5782.0,3.6
5783.0,4.1
5784.0,3.6
5785.0,4.3
5786.0,3.4
5787.0,3.7
5788.0,2.7
5789.0,3.9
5790.0,3.7
5791.0,4.1
5792.0,3.7
5793.0,4.2
5794.0,3.7
5795.0,3.1
5796.0,3.6
5797.0,3.5
5798.0,3.7
5799.0,3.7
5800.0,3.3
5801.0,3.9
5802.0,4.1
5803.0,2.8
5804.0,3.6
5805.0,4.1
5806.0,3.9
5807.0,3.9
5808.0,4.3
5809.0,3.8
5810.0,3.9
5811.0,3.4
5812.0,3.6
5813.0,3.7
5814.0,4.0
5815.0,3.9
5816.0,3.7
5817.0,4.1
5818.0,3.5
5819.0,3.8
5820.0,3.4
5821.0,3.9
5822.0,3.6
5823.0,4.0
5824.0,3.2
5825.0,4.0
5826.0,3.6
5827.0,3.7
5828.0,2.7
5829.0,3.8
5830.0,3.9
5831.0,3.7
5832.0,4.1
5833.0,4.0
5834.0,3.6
5835.0,4.2
5836.0,3.7
5837.0,3.9
5838.0,3.8
5839.0,4.5
5840.0,3.7
5841.0,4.1
5842.0,4.0
5843.0,2.7
5844.0,3.8
5845.0,4.3
5846.0,4.2
5847.0,4.0
5848.0,3.7
5849.0,4.0
5850.0,1.8
5851.0,4.0
5852.0,3.5
5853.0,3.4
5854.0,3.4
5855.0,4.0
5856.0,3.7
5857.0,3.3
5858.0,4.1
5859.0,4.0
5860.0,3.9
5861.0,3.8
5862.0,4.6
5863.0,3.9
5864.0,4.2
5865.0,3.3
5866.0,3.9
5867.0,3.7
5868.0,4.1
5869.0,3.6
5870.0,4.0
5871.0,4.2
5872.0,3.4
5873.0,4.2
5874.0,3.5
5875.0,3.8
5876.0,3.8
5877.0,3.7
5878.0,3.6
5879.0,3.8
5880.0,3.2
5881.0,3.6
5882.0,3.7
5883.0,3.3
5884.0,3.9
5885.0,4.1
5886.0,3.3
5887.0,3.6
5888.0,3.2
5889.0,3.9
5890.0,3.9
5891.0,3.7
5892.0,4.1
5893.0,3.2
5894.0,3.9
5895.0,3.5
5896.0,2.6
5897.0,3.9
5898.0,3.8
5899.0,3.4
5900.0,3.3
5901.0,3.2
5902.0,3.6
5903.0,3.8
5904.0,3.5
5905.0,3.6
5906.0,3.9
5907.0,3.9
5908.0,4.1
5909.0,3.3
5910.0,3.8
5911.0,3.8
5912.0,3.6
5913.0,3.9
5914.0,3.9
5915.0,3.7
5916.0,3.2
5917.0,3.9
5918.0,4.2
5919.0,3.1
5920.0,3.9
5921.0,3.4
5922.0,3.6
5923.0,3.8
5924.0,3.6
5925.0,3.9
5926.0,3.8
5927.0,3.7
5928.0,3.5
5929.0,3.4
5930.0,4.4
5931.0,3.6
5932.0,3.3
5933.0,4.2
5934.0,4.0
5935.0,3.6
5936.0,4.6
5937.0,3.3
5938.0,3.9
5939.0,4.0
5940.0,3.2
5941.0,3.8
5942.0,4.0
5943.0,4.1
5944.0,2.2
5945.0,4.2
5946.0,3.8
5947.0,3.0
5948.0,4.2
5949.0,3.5
5950.0,3.0
5951.0,4.0
5952.0,4.3
5953.0,4.0
5954.0,3.3
5955.0,3.6
5956.0,3.4
5957.0,3.5
5958.0,3.9
5959.0,2.8
5960.0,3.8
5961.0,3.1
5962.0,4.5
5963.0,3.5
5964.0,3.8
5965.0,3.3
5966.0,3.3
5967.0,3.8
5968.0,4.4
5969.0,3.5
5970.0,3.8
5971.0,3.6
5972.0,3.7
5973.0,4.4
5974.0,3.4
5975.0,3.9
5976.0,3.4
5977.0,4.1
5978.0,3.2
5979.0,3.7
5980.0,3.6
5981.0,3.6
5982.0,3.9
5983.0,4.1
5984.0,4.7
5985.0,3.7
5986.0,4.4
5987.0,3.4
5988.0,3.2
5989.0,4.0
5990.0,3.4
5991.0,3.6
5992.0,3.5
5993.0,3.6
5994.0,4.3
5995.0,4.0
5996.0,3.8
5997.0,4.4
5998.0,3.3
5999.0,4.1
6000.0,3.2
6001.0,3.6
6002.0,4.1
6003.0,4.1
6004.0,3.4
6005.0,3.7
6006.0,3.2
6007.0,3.2
6008.0,3.6
6009.0,3.3
6010.0,4.0
6011.0,4.0
6012.0,3.0
6013.0,4.1
6014.0,3.9
6015.0,3.8
6016.0,3.2
6017.0,3.5
6018.0,3.6
6019.0,3.5
6020.0,4.4
6021.0,3.5
6022.0,3.9
6023.0,3.7
6024.0,4.1
6025.0,3.3
6026.0,3.6
6027.0,4.2
6028.0,3.4
6029.0,3.9
6030.0,3.9
6031.0,3.7
6032.0,4.1
6033.0,3.9
6034.0,4.1
6035.0,2.6
6036.0,3.3
6037.0,3.7
6038.0,3.8
6039.0,3.9
6040.0,3.6
